nodes,techs,costs,cost_investment_annualised
ESP_1,ESP_1_ESP_2_ac_ohl_transmission,monetary,287671.2328767123
ESP_1,ESP_1_PRT_1_ac_ohl_transmission,monetary,47945.20547945205
ESP_1,Trade_Markets_ESP_1_natural_gas_transmission,monetary,0.0
ESP_1,battery_CN,co2,0.01049880757773367
ESP_1,battery_CN,monetary,0.01396643806322977
ESP_1,battery_CN,vul,1.4308334017842696e-07
ESP_1,battery_CZ,co2,0.011542895559748564
ESP_1,battery_CZ,monetary,0.013739563811207006
ESP_1,battery_CZ,vul,0.0
ESP_1,battery_ESP,co2,0.0006584147987107928
ESP_1,battery_ESP,monetary,0.010606615472949103
ESP_1,battery_ESP,vul,0.0
ESP_1,battery_HU,co2,0.01223443198855382
ESP_1,battery_HU,monetary,0.0135934500803097
ESP_1,battery_HU,vul,0.0
ESP_1,battery_PL,co2,0.011652538570478037
ESP_1,battery_PL,monetary,0.013716160137146091
ESP_1,battery_PL,vul,0.0
ESP_1,battery_US,co2,0.01088581783150155
ESP_1,battery_US,monetary,0.013883016740524806
ESP_1,battery_US,vul,0.0
ESP_1,biogas_to_electricity_supply_BEL,co2,0.006755889468525683
ESP_1,biogas_to_electricity_supply_BEL,monetary,0.0025550023475507944
ESP_1,biogas_to_electricity_supply_BEL,vul,0.0
ESP_1,biogas_to_electricity_supply_CAN,co2,0.007949245976465364
ESP_1,biogas_to_electricity_supply_CAN,monetary,0.0030063203729218473
ESP_1,biogas_to_electricity_supply_CAN,vul,0.0
ESP_1,biogas_to_electricity_supply_FR,co2,0.008013921073782508
ESP_1,biogas_to_electricity_supply_FR,monetary,0.0030307802114906955
ESP_1,biogas_to_electricity_supply_FR,vul,0.0
ESP_1,biogas_to_electricity_supply_FSM,co2,0.00798257341346629
ESP_1,biogas_to_electricity_supply_FSM,monetary,0.003018925278007255
ESP_1,biogas_to_electricity_supply_FSM,vul,0.0
ESP_1,biogas_to_electricity_supply_UK,co2,0.007830710296018364
ESP_1,biogas_to_electricity_supply_UK,monetary,0.002961491856591975
ESP_1,biogas_to_electricity_supply_UK,vul,0.0
ESP_1,biogas_to_electricity_supply_USA,co2,0.007748018766147681
ESP_1,biogas_to_electricity_supply_USA,monetary,0.003020450312374375
ESP_1,biogas_to_electricity_supply_USA,vul,0.0
ESP_1,biomass_ESP,co2,0.0
ESP_1,biomass_ESP,monetary,2.416377260665815e-06
ESP_1,biomass_ESP,vul,0.0
ESP_1,biomass_FR,co2,3.299763857024515e-07
ESP_1,biomass_FR,monetary,1.2501682654190817e-07
ESP_1,biomass_FR,vul,0.0
ESP_1,biomass_IT,co2,9.981376505691155e-06
ESP_1,biomass_IT,monetary,3.775220349711962e-06
ESP_1,biomass_IT,vul,0.0
ESP_1,existing_biogas_to_electricity_supply,monetary,0.0
ESP_1,existing_biomass,monetary,0.0
ESP_1,existing_ccgt,monetary,0.0
ESP_1,existing_chp,monetary,0.0
ESP_1,existing_coal,monetary,0.0
ESP_1,existing_hydro_run_of_river,monetary,0.0
ESP_1,existing_nuclear,monetary,0.0
ESP_1,existing_oil_and_other,monetary,0.0
ESP_1,existing_open_field_pv,monetary,0.0
ESP_1,existing_pumped_hydro,monetary,0.0
ESP_1,existing_rooftop_pv,monetary,0.0
ESP_1,existing_wind_onshore,monetary,0.0
ESP_1,existing_wte,monetary,0.0
ESP_1,open_field_pv_CN,co2,0.0007910519683574272
ESP_1,open_field_pv_CN,monetary,0.00029916611541850826
ESP_1,open_field_pv_CN,vul,0.0
ESP_1,open_field_pv_DE,co2,0.006180931259344621
ESP_1,open_field_pv_DE,monetary,0.0023373310023929693
ESP_1,open_field_pv_DE,vul,0.0
ESP_1,open_field_pv_ESP,co2,0.0010546161395309907
ESP_1,open_field_pv_ESP,monetary,0.0027492161578196853
ESP_1,open_field_pv_ESP,vul,0.0
ESP_1,open_field_pv_MY,co2,0.006191734431724393
ESP_1,open_field_pv_MY,monetary,0.0023413990127348037
ESP_1,open_field_pv_MY,vul,0.0
ESP_1,open_field_pv_NL,co2,0.006263069678723482
ESP_1,open_field_pv_NL,monetary,0.002368385405772833
ESP_1,open_field_pv_NL,vul,0.0
ESP_1,open_field_pv_PT,co2,0.006517480523861789
ESP_1,open_field_pv_PT,monetary,0.002464592771611107
ESP_1,open_field_pv_PT,vul,0.0
ESP_1,pumped_hydro_CN,co2,0.19688831533709356
ESP_1,pumped_hydro_CN,monetary,0.09566852010565273
ESP_1,pumped_hydro_CN,vulnerability,1.686636342341151e-05
ESP_1,pumped_hydro_ESP,co2,4.897451483178292e-06
ESP_1,pumped_hydro_ESP,monetary,0.0002146502159207204
ESP_1,pumped_hydro_ESP,vul,0.0
ESP_1,roof_mounted_pv_CN,co2,0.0009184667533998569
ESP_1,roof_mounted_pv_CN,monetary,0.0003473170772855103
ESP_1,roof_mounted_pv_CN,vul,0.0
ESP_1,roof_mounted_pv_DE,co2,0.0011602603094329647
ESP_1,roof_mounted_pv_DE,monetary,0.0004387546598231022
ESP_1,roof_mounted_pv_DE,vul,0.0
ESP_1,roof_mounted_pv_ESP,co2,0.000564366681672402
ESP_1,roof_mounted_pv_ESP,monetary,0.001471213972582346
ESP_1,roof_mounted_pv_ESP,vul,0.0
ESP_1,roof_mounted_pv_MY,co2,0.0012692792923910622
ESP_1,roof_mounted_pv_MY,monetary,0.0004799768651029651
ESP_1,roof_mounted_pv_MY,vul,0.0
ESP_1,roof_mounted_pv_NL,co2,0.001065115171240905
ESP_1,roof_mounted_pv_NL,monetary,0.00040277425550666075
ESP_1,roof_mounted_pv_NL,vul,0.0
ESP_1,roof_mounted_pv_PT,co2,0.0015982783754154989
ESP_1,roof_mounted_pv_PT,monetary,0.0006043908097077599
ESP_1,roof_mounted_pv_PT,vul,0.0
ESP_1,wind_offshore_CN,co2,0.0006406928881712774
ESP_1,wind_offshore_CN,monetary,0.0002423007018498948
ESP_1,wind_offshore_CN,vul,0.0
ESP_1,wind_offshore_DE,co2,0.00023059165913700376
ESP_1,wind_offshore_DE,monetary,8.720562778304723e-05
ESP_1,wind_offshore_DE,vul,0.0
ESP_1,wind_offshore_ESP,co2,0.0005271247758475396
ESP_1,wind_offshore_ESP,monetary,0.004641177450288769
ESP_1,wind_offshore_ESP,vul,0.0
ESP_1,wind_offshore_FR,co2,0.00017526233746733416
ESP_1,wind_offshore_FR,monetary,6.62821682637219e-05
ESP_1,wind_offshore_FR,vul,0.0
ESP_1,wind_offshore_IND,co2,0.0006485248586377101
ESP_1,wind_offshore_IND,monetary,0.0002452672598973658
ESP_1,wind_offshore_IND,vul,0.0
ESP_1,wind_offshore_NDL,co2,9.070971367493241e-05
ESP_1,wind_offshore_NDL,monetary,3.430528206458801e-05
ESP_1,wind_offshore_NDL,vul,0.0
ESP_1,wind_offshore_PT,co2,0.00015920620156105496
ESP_1,wind_offshore_PT,monetary,6.0208063201536185e-05
ESP_1,wind_offshore_PT,vul,0.0
ESP_1,wind_onshore_competing_CN,co2,0.0018181809879228843
ESP_1,wind_onshore_competing_CN,monetary,0.0006876095202512659
ESP_1,wind_onshore_competing_CN,vul,0.0
ESP_1,wind_onshore_competing_DE,co2,0.0006591628772764755
ESP_1,wind_onshore_competing_DE,monetary,0.0002492835722649533
ESP_1,wind_onshore_competing_DE,vul,0.0
ESP_1,wind_onshore_competing_ESP,co2,0.0005063630587887423
ESP_1,wind_onshore_competing_ESP,monetary,0.00445837668383336
ESP_1,wind_onshore_competing_ESP,vul,0.0
ESP_1,wind_onshore_competing_FR,co2,0.0005024615190122069
ESP_1,wind_onshore_competing_FR,monetary,0.00019002507572637918
ESP_1,wind_onshore_competing_FR,vul,0.0
ESP_1,wind_onshore_competing_IND,co2,0.0013761252325942385
ESP_1,wind_onshore_competing_IND,monetary,0.00052044028934065
ESP_1,wind_onshore_competing_IND,vul,0.0
ESP_1,wind_onshore_competing_NDL,co2,0.0002625759504405627
ESP_1,wind_onshore_competing_NDL,monetary,9.930294869545015e-05
ESP_1,wind_onshore_competing_NDL,vul,0.0
ESP_1,wind_onshore_competing_PT,co2,0.00045715695315650003
ESP_1,wind_onshore_competing_PT,monetary,0.00017288607138907664
ESP_1,wind_onshore_competing_PT,vul,0.0
ESP_1,wind_onshore_monopoly_CN,co2,0.001195198364300148
ESP_1,wind_onshore_monopoly_CN,monetary,0.00045200658204021395
ESP_1,wind_onshore_monopoly_CN,vul,0.0
ESP_1,wind_onshore_monopoly_DE,co2,0.00044155353159156
ESP_1,wind_onshore_monopoly_DE,monetary,0.00016698762247677675
ESP_1,wind_onshore_monopoly_DE,vul,0.0
ESP_1,wind_onshore_monopoly_ESP,co2,0.00017646196435014592
ESP_1,wind_onshore_monopoly_ESP,monetary,6.673571346941573e-05
ESP_1,wind_onshore_monopoly_ESP,vul,0.0
ESP_1,wind_onshore_monopoly_FR,co2,0.00033746587196357606
ESP_1,wind_onshore_monopoly_FR,monetary,0.00012762564982292548
ESP_1,wind_onshore_monopoly_FR,vul,0.0
ESP_1,wind_onshore_monopoly_IND,co2,0.0012090302753646142
ESP_1,wind_onshore_monopoly_IND,monetary,0.00045724622398367034
ESP_1,wind_onshore_monopoly_IND,vul,0.0
ESP_1,wind_onshore_monopoly_NDL,co2,0.0006804943707379209
ESP_1,wind_onshore_monopoly_NDL,monetary,0.0012970695066875596
ESP_1,wind_onshore_monopoly_NDL,vul,0.0
ESP_1,wind_onshore_monopoly_PT,co2,0.00030693426069114193
ESP_1,wind_onshore_monopoly_PT,monetary,0.00011607536129377523
ESP_1,wind_onshore_monopoly_PT,vul,0.0
ESP_10,ESP_10_ESP_11_ac_ohl_transmission,monetary,127853.8812785388
ESP_10,ESP_8_ESP_10_ac_ohl_transmission,monetary,159817.3515981735
ESP_10,ESP_9_ESP_10_ac_ohl_transmission,monetary,323630.13698630134
ESP_10,Trade_Markets_ESP_10_natural_gas_transmission,monetary,0.0
ESP_10,battery_CN,co2,3655.9962517679523
ESP_10,battery_CN,monetary,5280.917363353803
ESP_10,battery_CN,vul,0.04982586370019838
ESP_10,battery_CZ,co2,0.1817923172815953
ESP_10,battery_CZ,monetary,0.23269273422165013
ESP_10,battery_CZ,vul,3.982132596197217e-07
ESP_10,battery_ESP,co2,0.001221951851024192
ESP_10,battery_ESP,monetary,0.019807903179478684
ESP_10,battery_ESP,vul,0.0
ESP_10,battery_HU,co2,0.10870633177772471
ESP_10,battery_HU,monetary,0.12960015718964096
ESP_10,battery_HU,vul,1.498747976136597e-07
ESP_10,battery_PL,co2,0.16483953998581588
ESP_10,battery_PL,monetary,0.20843000035255152
ESP_10,battery_PL,vul,2.1301685115548036e-07
ESP_10,battery_US,co2,0.5282164281969484
ESP_10,battery_US,monetary,0.7405567752031061
ESP_10,battery_US,vul,1.023873673574236e-06
ESP_10,biogas_to_electricity_supply_BEL,co2,0.01243119325395647
ESP_10,biogas_to_electricity_supply_BEL,monetary,0.004701339193704667
ESP_10,biogas_to_electricity_supply_BEL,vul,0.0
ESP_10,biogas_to_electricity_supply_CAN,co2,0.0080665875804597
ESP_10,biogas_to_electricity_supply_CAN,monetary,0.0030506977208771004
ESP_10,biogas_to_electricity_supply_CAN,vul,0.0
ESP_10,biogas_to_electricity_supply_FR,co2,0.00811626760801476
ESP_10,biogas_to_electricity_supply_FR,monetary,0.0030694865885325844
ESP_10,biogas_to_electricity_supply_FR,vul,0.0
ESP_10,biogas_to_electricity_supply_FSM,co2,0.008188192525199103
ESP_10,biogas_to_electricity_supply_FSM,monetary,0.003096688262686407
ESP_10,biogas_to_electricity_supply_FSM,vul,0.0
ESP_10,biogas_to_electricity_supply_UK,co2,0.007950622424452011
ESP_10,biogas_to_electricity_supply_UK,monetary,0.0030068413559909534
ESP_10,biogas_to_electricity_supply_UK,vul,0.0
ESP_10,biogas_to_electricity_supply_USA,co2,0.007941473269428918
ESP_10,biogas_to_electricity_supply_USA,monetary,0.003095865684032873
ESP_10,biogas_to_electricity_supply_USA,vul,0.0
ESP_10,biomass_ESP,co2,0.0
ESP_10,biomass_ESP,monetary,2.438961116701935e-06
ESP_10,biomass_ESP,vul,0.0
ESP_10,biomass_FR,co2,3.3239862897393096e-07
ESP_10,biomass_FR,monetary,1.2593453211125735e-07
ESP_10,biomass_FR,vul,0.0
ESP_10,biomass_IT,co2,9.988097051638871e-06
ESP_10,biomass_IT,monetary,3.7777622377780546e-06
ESP_10,biomass_IT,vul,0.0
ESP_10,existing_biogas_to_electricity_supply,monetary,0.0
ESP_10,existing_biomass,monetary,0.0
ESP_10,existing_ccgt,monetary,0.0
ESP_10,existing_chp,monetary,0.0
ESP_10,existing_coal,monetary,0.0
ESP_10,existing_hydro_run_of_river,monetary,0.0
ESP_10,existing_nuclear,monetary,0.0
ESP_10,existing_oil_and_other,monetary,0.0
ESP_10,existing_open_field_pv,monetary,0.0
ESP_10,existing_pumped_hydro,monetary,0.0
ESP_10,existing_rooftop_pv,monetary,0.0
ESP_10,existing_wind_onshore,monetary,0.0
ESP_10,existing_wte,monetary,0.0
ESP_10,open_field_pv_CN,co2,0.0009375627655758309
ESP_10,open_field_pv_CN,monetary,0.00035457469516291017
ESP_10,open_field_pv_CN,vul,0.0
ESP_10,open_field_pv_DE,co2,0.08363762147673896
ESP_10,open_field_pv_DE,monetary,0.031627726865339406
ESP_10,open_field_pv_DE,vul,0.0
ESP_10,open_field_pv_ESP,co2,0.0011543856612538294
ESP_10,open_field_pv_ESP,monetary,0.0030092993965423085
ESP_10,open_field_pv_ESP,vul,0.0
ESP_10,open_field_pv_MY,co2,0.039149144040072435
ESP_10,open_field_pv_MY,monetary,0.014804214911928957
ESP_10,open_field_pv_MY,vul,0.0
ESP_10,open_field_pv_NL,co2,150444.45860448995
ESP_10,open_field_pv_NL,monetary,56890.70670069426
ESP_10,open_field_pv_NL,vul,0.024524322863230898
ESP_10,open_field_pv_PT,co2,0.017643886270880746
ESP_10,open_field_pv_PT,monetary,0.006672055928227778
ESP_10,open_field_pv_PT,vul,0.0
ESP_10,pumped_hydro_CN,co2,0.0
ESP_10,pumped_hydro_CN,monetary,0.0
ESP_10,pumped_hydro_CN,vulnerability,0.0
ESP_10,pumped_hydro_ESP,co2,0.0
ESP_10,pumped_hydro_ESP,monetary,0.0
ESP_10,pumped_hydro_ESP,vul,0.0
ESP_10,roof_mounted_pv_CN,co2,0.0010100407031306065
ESP_10,roof_mounted_pv_CN,monetary,0.00038194565415913356
ESP_10,roof_mounted_pv_CN,vul,0.0
ESP_10,roof_mounted_pv_DE,co2,0.0013098649576180129
ESP_10,roof_mounted_pv_DE,monetary,0.0004953279442737827
ESP_10,roof_mounted_pv_DE,vul,0.0
ESP_10,roof_mounted_pv_ESP,co2,0.0006204424423334494
ESP_10,roof_mounted_pv_ESP,monetary,0.0016173945415047417
ESP_10,roof_mounted_pv_ESP,vul,0.0
ESP_10,roof_mounted_pv_MY,co2,0.0014294888652692688
ESP_10,roof_mounted_pv_MY,monetary,0.0005405599763303677
ESP_10,roof_mounted_pv_MY,vul,0.0
ESP_10,roof_mounted_pv_NL,co2,0.0012027562084286165
ESP_10,roof_mounted_pv_NL,monetary,0.0004548233369368474
ESP_10,roof_mounted_pv_NL,vul,0.0
ESP_10,roof_mounted_pv_PT,co2,0.0017912118687285355
ESP_10,roof_mounted_pv_PT,monetary,0.0006773488325633835
ESP_10,roof_mounted_pv_PT,vul,0.0
ESP_10,wind_offshore_CN,co2,0.000664346947095173
ESP_10,wind_offshore_CN,monetary,0.0002512463217946046
ESP_10,wind_offshore_CN,vul,0.0
ESP_10,wind_offshore_DE,co2,0.00024043687161123773
ESP_10,wind_offshore_DE,monetary,9.092891047976853e-05
ESP_10,wind_offshore_DE,vul,0.0
ESP_10,wind_offshore_ESP,co2,0.0005197506049999719
ESP_10,wind_offshore_ESP,monetary,0.004576250061138297
ESP_10,wind_offshore_ESP,vul,0.0
ESP_10,wind_offshore_FR,co2,0.00018295469154159556
ESP_10,wind_offshore_FR,monetary,6.91913266970867e-05
ESP_10,wind_offshore_FR,vul,0.0
ESP_10,wind_offshore_IND,co2,0.0006724568007267841
ESP_10,wind_offshore_IND,monetary,0.00025431814172869536
ESP_10,wind_offshore_IND,vul,0.0
ESP_10,wind_offshore_NDL,co2,9.471987904137018e-05
ESP_10,wind_offshore_NDL,monetary,3.582187657743462e-05
ESP_10,wind_offshore_NDL,vul,0.0
ESP_10,wind_offshore_PT,co2,0.00016625237874361536
ESP_10,wind_offshore_PT,monetary,6.287276267289519e-05
ESP_10,wind_offshore_PT,vul,0.0
ESP_10,wind_onshore_competing_CN,co2,0.001457198917385408
ESP_10,wind_onshore_competing_CN,monetary,0.000551091368323417
ESP_10,wind_onshore_competing_CN,vul,0.0
ESP_10,wind_onshore_competing_DE,co2,0.0005472274587299126
ESP_10,wind_onshore_competing_DE,monetary,0.00020695160552320954
ESP_10,wind_onshore_competing_DE,vul,0.0
ESP_10,wind_onshore_competing_ESP,co2,0.0005137539883287274
ESP_10,wind_onshore_competing_ESP,monetary,0.004523451628304522
ESP_10,wind_onshore_competing_ESP,vul,0.0
ESP_10,wind_onshore_competing_FR,co2,0.00041845127894196883
ESP_10,wind_onshore_competing_FR,monetary,0.00015825338450807029
ESP_10,wind_onshore_competing_FR,vul,0.0
ESP_10,wind_onshore_competing_IND,co2,0.001345845915623051
ESP_10,wind_onshore_competing_IND,monetary,0.0005089888777159867
ESP_10,wind_onshore_competing_IND,vul,0.0
ESP_10,wind_onshore_competing_NDL,co2,0.00021837744067982346
ESP_10,wind_onshore_competing_NDL,monetary,8.258762370158878e-05
ESP_10,wind_onshore_competing_NDL,vul,0.0
ESP_10,wind_onshore_competing_PT,co2,0.0003807919443177584
ESP_10,wind_onshore_competing_PT,monetary,0.00014400661045434922
ESP_10,wind_onshore_competing_PT,vul,0.0
ESP_10,wind_onshore_monopoly_CN,co2,0.0012313469477277707
ESP_10,wind_onshore_monopoly_CN,monetary,0.00046567744884254837
ESP_10,wind_onshore_monopoly_CN,vul,0.0
ESP_10,wind_onshore_monopoly_DE,co2,0.00045739318560954976
ESP_10,wind_onshore_monopoly_DE,monetary,0.0001729778954019755
ESP_10,wind_onshore_monopoly_DE,vul,0.0
ESP_10,wind_onshore_monopoly_ESP,co2,0.00018243876841078188
ESP_10,wind_onshore_monopoly_ESP,monetary,6.899606620164524e-05
ESP_10,wind_onshore_monopoly_ESP,vul,0.0
ESP_10,wind_onshore_monopoly_FR,co2,0.00034906913017812514
ESP_10,wind_onshore_monopoly_FR,monetary,0.00013201386650711468
ESP_10,wind_onshore_monopoly_FR,vul,0.0
ESP_10,wind_onshore_monopoly_IND,co2,0.001245796435480341
ESP_10,wind_onshore_monopoly_IND,monetary,0.0004711509112572998
ESP_10,wind_onshore_monopoly_IND,vul,0.0
ESP_10,wind_onshore_monopoly_NDL,co2,0.0006962148771657696
ESP_10,wind_onshore_monopoly_NDL,monetary,0.0013270338831674665
ESP_10,wind_onshore_monopoly_NDL,vul,0.0
ESP_10,wind_onshore_monopoly_PT,co2,0.0003175949583439635
ESP_10,wind_onshore_monopoly_PT,monetary,0.00012010698789977401
ESP_10,wind_onshore_monopoly_PT,vul,0.0
ESP_11,ESP_10_ESP_11_ac_ohl_transmission,monetary,127853.8812785388
ESP_11,ESP_3_ESP_11_ac_ohl_transmission,monetary,107876.71232876711
ESP_11,ESP_5_ESP_11_ac_ohl_transmission,monetary,227739.72602739724
ESP_11,ESP_6_ESP_11_ac_ohl_transmission,monetary,43949.77168949771
ESP_11,ESP_7_ESP_11_ac_ohl_transmission,monetary,83904.1095890411
ESP_11,Trade_Markets_ESP_11_natural_gas_transmission,monetary,0.0
ESP_11,Trade_Markets_ESP_11_oil_fuel_transmission,monetary,0.0
ESP_11,battery_CN,co2,0.0011172923589322801
ESP_11,battery_CN,monetary,0.0035078260415028245
ESP_11,battery_CN,vul,0.0
ESP_11,battery_CZ,co2,0.0013086111680236624
ESP_11,battery_CZ,monetary,0.003580217944266101
ESP_11,battery_CZ,vul,0.0
ESP_11,battery_ESP,co2,0.00013543093712185095
ESP_11,battery_ESP,monetary,0.004276085053095199
ESP_11,battery_ESP,vul,0.0
ESP_11,battery_HU,co2,0.0014201447771789151
ESP_11,battery_HU,monetary,0.0036223461930439535
ESP_11,battery_HU,vul,0.0
ESP_11,battery_PL,co2,0.001308381372827563
ESP_11,battery_PL,monetary,0.0035800286147496824
ESP_11,battery_PL,vul,0.0
ESP_11,battery_US,co2,0.0011849745737071637
ESP_11,battery_US,monetary,0.003533409235758032
ESP_11,battery_US,vul,0.0
ESP_11,biogas_to_electricity_supply_BEL,co2,0.01067317360578906
ESP_11,biogas_to_electricity_supply_BEL,monetary,0.004036475692157715
ESP_11,biogas_to_electricity_supply_BEL,vul,0.0
ESP_11,biogas_to_electricity_supply_CAN,co2,0.007995375242936087
ESP_11,biogas_to_electricity_supply_CAN,monetary,0.003023765971408729
ESP_11,biogas_to_electricity_supply_CAN,vul,0.0
ESP_11,biogas_to_electricity_supply_FR,co2,0.008056265298203703
ESP_11,biogas_to_electricity_supply_FR,monetary,0.0030467943494220675
ESP_11,biogas_to_electricity_supply_FR,vul,0.0
ESP_11,biogas_to_electricity_supply_FSM,co2,0.00803626386769403
ESP_11,biogas_to_electricity_supply_FSM,monetary,0.003039230442903374
ESP_11,biogas_to_electricity_supply_FSM,vul,0.0
ESP_11,biogas_to_electricity_supply_UK,co2,0.007858254782450856
ESP_11,biogas_to_electricity_supply_UK,monetary,0.0029719088901917637
ESP_11,biogas_to_electricity_supply_UK,vul,0.0
ESP_11,biogas_to_electricity_supply_USA,co2,0.007799980408255669
ESP_11,biogas_to_electricity_supply_USA,monetary,0.00304070678862638
ESP_11,biogas_to_electricity_supply_USA,vul,0.0
ESP_11,biomass_ESP,co2,0.0
ESP_11,biomass_ESP,monetary,2.4264743925358125e-06
ESP_11,biomass_ESP,vul,0.0
ESP_11,biomass_FR,co2,3.3200474228634627e-07
ESP_11,biomass_FR,monetary,1.2578530184560026e-07
ESP_11,biomass_FR,vul,0.0
ESP_11,biomass_IT,co2,1.0023707838869972e-05
ESP_11,biomass_IT,monetary,3.7912311785145814e-06
ESP_11,biomass_IT,vul,0.0
ESP_11,existing_biogas_to_electricity_supply,monetary,0.0
ESP_11,existing_biomass,monetary,0.0
ESP_11,existing_ccgt,monetary,0.0
ESP_11,existing_chp,monetary,0.0
ESP_11,existing_coal,monetary,0.0
ESP_11,existing_hydro_run_of_river,monetary,0.0
ESP_11,existing_nuclear,monetary,0.0
ESP_11,existing_oil_and_other,monetary,0.0
ESP_11,existing_open_field_pv,monetary,0.0
ESP_11,existing_pumped_hydro,monetary,0.0
ESP_11,existing_rooftop_pv,monetary,0.0
ESP_11,existing_wind_onshore,monetary,0.0
ESP_11,existing_wte,monetary,0.0
ESP_11,open_field_pv_CN,co2,0.0009167568429257685
ESP_11,open_field_pv_CN,monetary,0.00034670615136819365
ESP_11,open_field_pv_CN,vul,0.0
ESP_11,open_field_pv_DE,co2,0.061772183800317924
ESP_11,open_field_pv_DE,monetary,0.023359269699645392
ESP_11,open_field_pv_DE,vul,0.0
ESP_11,open_field_pv_ESP,co2,0.0010662497412373218
ESP_11,open_field_pv_ESP,monetary,0.0027795431029382263
ESP_11,open_field_pv_ESP,vul,0.0
ESP_11,open_field_pv_MY,co2,0.028672916667047965
ESP_11,open_field_pv_MY,monetary,0.01084263860421359
ESP_11,open_field_pv_MY,vul,0.0
ESP_11,open_field_pv_NL,co2,242062.8199092593
ESP_11,open_field_pv_NL,monetary,91536.27204577978
ESP_11,open_field_pv_NL,vul,0.039459258278467566
ESP_11,open_field_pv_PT,co2,0.013194952944581458
ESP_11,open_field_pv_PT,monetary,0.004989686663412542
ESP_11,open_field_pv_PT,vul,0.0
ESP_11,pumped_hydro_CN,co2,0.0005750971877030401
ESP_11,pumped_hydro_CN,monetary,0.00027944114799435826
ESP_11,pumped_hydro_CN,vulnerability,0.0
ESP_11,pumped_hydro_ESP,co2,5.2964278240965185e-06
ESP_11,pumped_hydro_ESP,monetary,0.0002321369348845555
ESP_11,pumped_hydro_ESP,vul,0.0
ESP_11,roof_mounted_pv_CN,co2,0.001062288623186606
ESP_11,roof_mounted_pv_CN,monetary,0.0004017031411023725
ESP_11,roof_mounted_pv_CN,vul,0.0
ESP_11,roof_mounted_pv_DE,co2,0.0013706189547233218
ESP_11,roof_mounted_pv_DE,monetary,0.0005183021847232046
ESP_11,roof_mounted_pv_DE,vul,0.0
ESP_11,roof_mounted_pv_ESP,co2,0.000631278748151493
ESP_11,roof_mounted_pv_ESP,monetary,0.0016456430633406483
ESP_11,roof_mounted_pv_ESP,vul,0.0
ESP_11,roof_mounted_pv_MY,co2,0.0014949723291728114
ESP_11,roof_mounted_pv_MY,monetary,0.0005653224914906811
ESP_11,roof_mounted_pv_MY,vul,0.0
ESP_11,roof_mounted_pv_NL,co2,0.0012578795048867593
ESP_11,roof_mounted_pv_NL,monetary,0.00047566826083942856
ESP_11,roof_mounted_pv_NL,vul,0.0
ESP_11,roof_mounted_pv_PT,co2,0.0018675272258074497
ESP_11,roof_mounted_pv_PT,monetary,0.0007062075727975876
ESP_11,roof_mounted_pv_PT,vul,0.0
ESP_11,wind_offshore_CN,co2,0.0006493419584942323
ESP_11,wind_offshore_CN,monetary,0.00024557165404601286
ESP_11,wind_offshore_CN,vul,0.0
ESP_11,wind_offshore_DE,co2,0.00023437151504005461
ESP_11,wind_offshore_DE,monetary,8.863510146040676e-05
ESP_11,wind_offshore_DE,vul,0.0
ESP_11,wind_offshore_ESP,co2,0.0005175027567067933
ESP_11,wind_offshore_ESP,monetary,0.004556458423013916
ESP_11,wind_offshore_ESP,vul,0.0
ESP_11,wind_offshore_FR,co2,0.00017820710698299763
ESP_11,wind_offshore_FR,monetary,6.739584568783741e-05
ESP_11,wind_offshore_FR,vul,0.0
ESP_11,wind_offshore_IND,co2,0.0006572769202381472
ESP_11,wind_offshore_IND,monetary,0.00024857722425509495
ESP_11,wind_offshore_IND,vul,0.0
ESP_11,wind_offshore_NDL,co2,9.229529964417962e-05
ESP_11,wind_offshore_NDL,monetary,3.490493089721034e-05
ESP_11,wind_offshore_NDL,vul,0.0
ESP_11,wind_offshore_PT,co2,0.00016189786695975183
ESP_11,wind_offshore_PT,monetary,6.122598812439154e-05
ESP_11,wind_offshore_PT,vul,0.0
ESP_11,wind_onshore_competing_CN,co2,0.00162909274044685
ESP_11,wind_onshore_competing_CN,monetary,0.0006160991040738952
ESP_11,wind_onshore_competing_CN,vul,0.0
ESP_11,wind_onshore_competing_DE,co2,0.0006260569402150129
ESP_11,wind_onshore_competing_DE,monetary,0.00023676350091633792
ESP_11,wind_onshore_competing_DE,vul,0.0
ESP_11,wind_onshore_competing_ESP,co2,0.0005149398951310589
ESP_11,wind_onshore_competing_ESP,monetary,0.004533893186283418
ESP_11,wind_onshore_competing_ESP,vul,0.0
ESP_11,wind_onshore_competing_FR,co2,0.0004803052238928739
ESP_11,wind_onshore_competing_FR,monetary,0.00018164582378656053
ESP_11,wind_onshore_competing_FR,vul,0.0
ESP_11,wind_onshore_competing_IND,co2,0.0014659741402970427
ESP_11,wind_onshore_competing_IND,monetary,0.0005544204754561507
ESP_11,wind_onshore_competing_IND,vul,0.0
ESP_11,wind_onshore_competing_NDL,co2,0.0002522164363347517
ESP_11,wind_onshore_competing_NDL,monetary,9.538510970054948e-05
ESP_11,wind_onshore_competing_NDL,vul,0.0
ESP_11,wind_onshore_competing_PT,co2,0.00043750008135622564
ESP_11,wind_onshore_competing_PT,monetary,0.00016545230205037694
ESP_11,wind_onshore_competing_PT,vul,0.0
ESP_11,wind_onshore_monopoly_CN,co2,0.0013335246773683257
ESP_11,wind_onshore_monopoly_CN,monetary,0.0005043195753003603
ESP_11,wind_onshore_monopoly_CN,vul,0.0
ESP_11,wind_onshore_monopoly_DE,co2,0.000497596929448235
ESP_11,wind_onshore_monopoly_DE,monetary,0.00018818222991174333
ESP_11,wind_onshore_monopoly_DE,vul,0.0
ESP_11,wind_onshore_monopoly_ESP,co2,0.00019974630969343886
ESP_11,wind_onshore_monopoly_ESP,monetary,7.554156239485095e-05
ESP_11,wind_onshore_monopoly_ESP,vul,0.0
ESP_11,wind_onshore_monopoly_FR,co2,0.00038038091137363415
ESP_11,wind_onshore_monopoly_FR,monetary,0.0001438556163081773
ESP_11,wind_onshore_monopoly_FR,vul,0.0
ESP_11,wind_onshore_monopoly_IND,co2,0.0013489641337776227
ESP_11,wind_onshore_monopoly_IND,monetary,0.0005101681645426176
ESP_11,wind_onshore_monopoly_IND,vul,0.0
ESP_11,wind_onshore_monopoly_NDL,co2,0.0007373043812843192
ESP_11,wind_onshore_monopoly_NDL,monetary,0.0014053533302178366
ESP_11,wind_onshore_monopoly_NDL,vul,0.0
ESP_11,wind_onshore_monopoly_PT,co2,0.00034611772715741155
ESP_11,wind_onshore_monopoly_PT,monetary,0.00013089363220485973
ESP_11,wind_onshore_monopoly_PT,vul,0.0
ESP_2,ESP_1_ESP_2_ac_ohl_transmission,monetary,287671.2328767123
ESP_2,ESP_2_ESP_3_ac_ohl_transmission,monetary,763127.8538812784
ESP_2,ESP_2_ESP_4_ac_ohl_transmission,monetary,95890.4109589041
ESP_2,ESP_2_ESP_8_techs_ac_ohl_transmission,monetary,95890.4109589041
ESP_2,ESP_2_PRT_1_ac_ohl_transmission,monetary,37956.62100456621
ESP_2,ESP_3_ESP_7_ac_ohl_transmission,monetary,407534.24657534243
ESP_2,Trade_Markets_ESP_2_natural_gas_transmission,monetary,0.0
ESP_2,Trade_Markets_ESP_2_oil_fuel_transmission,monetary,0.0
ESP_2,battery_CN,co2,0.005224015436597933
ESP_2,battery_CN,monetary,0.006042533364168403
ESP_2,battery_CN,vul,0.0
ESP_2,battery_CZ,co2,0.00584205853322036
ESP_2,battery_CZ,monetary,0.006152374161441299
ESP_2,battery_CZ,vul,0.0
ESP_2,battery_ESP,co2,0.00040508607255189123
ESP_2,battery_ESP,monetary,0.006914815100830496
ESP_2,battery_ESP,vul,0.0
ESP_2,battery_HU,co2,0.006310129319598954
ESP_2,battery_HU,monetary,0.006255782129834001
ESP_2,battery_HU,vul,0.0
ESP_2,battery_PL,co2,0.005921352328179605
ESP_2,battery_PL,monetary,0.006173464279221474
ESP_2,battery_PL,vul,0.0
ESP_2,battery_US,co2,0.005499499347770678
ESP_2,battery_US,monetary,0.006121972143999958
ESP_2,battery_US,vul,0.0
ESP_2,biogas_to_electricity_supply_BEL,co2,0.007098755446215554
ESP_2,biogas_to_electricity_supply_BEL,monetary,0.002684670451502781
ESP_2,biogas_to_electricity_supply_BEL,vul,0.0
ESP_2,biogas_to_electricity_supply_CAN,co2,0.007914737286541277
ESP_2,biogas_to_electricity_supply_CAN,monetary,0.002993269553024114
ESP_2,biogas_to_electricity_supply_CAN,vul,0.0
ESP_2,biogas_to_electricity_supply_FR,co2,0.007983330445381104
ESP_2,biogas_to_electricity_supply_FR,monetary,0.0030192111592923466
ESP_2,biogas_to_electricity_supply_FR,vul,0.0
ESP_2,biogas_to_electricity_supply_FSM,co2,0.007946716007838481
ESP_2,biogas_to_electricity_supply_FSM,monetary,0.0030053643844649616
ESP_2,biogas_to_electricity_supply_FSM,vul,0.0
ESP_2,biogas_to_electricity_supply_UK,co2,0.007768868139223662
ESP_2,biogas_to_electricity_supply_UK,monetary,0.002938103806617158
ESP_2,biogas_to_electricity_supply_UK,vul,0.0
ESP_2,biogas_to_electricity_supply_USA,co2,0.00771323155154781
ESP_2,biogas_to_electricity_supply_USA,monetary,0.0030068890322102262
ESP_2,biogas_to_electricity_supply_USA,vul,0.0
ESP_2,biomass_ESP,co2,0.0
ESP_2,biomass_ESP,monetary,2.3996367326568763e-06
ESP_2,biomass_ESP,vul,0.0
ESP_2,biomass_FR,co2,3.2828145585352324e-07
ESP_2,biomass_FR,monetary,1.2437467528471113e-07
ESP_2,biomass_FR,vul,0.0
ESP_2,biomass_IT,co2,9.919431097248685e-06
ESP_2,biomass_IT,monetary,3.7517909593478283e-06
ESP_2,biomass_IT,vul,0.0
ESP_2,existing_biogas_to_electricity_supply,monetary,0.0
ESP_2,existing_biomass,monetary,0.0
ESP_2,existing_ccgt,monetary,0.0
ESP_2,existing_chp,monetary,0.0
ESP_2,existing_coal,monetary,0.0
ESP_2,existing_hydro_run_of_river,monetary,0.0
ESP_2,existing_nuclear,monetary,0.0
ESP_2,existing_oil_and_other,monetary,0.0
ESP_2,existing_open_field_pv,monetary,0.0
ESP_2,existing_pumped_hydro,monetary,0.0
ESP_2,existing_rooftop_pv,monetary,0.0
ESP_2,existing_wind_onshore,monetary,0.0
ESP_2,existing_wte,monetary,0.0
ESP_2,open_field_pv_CN,co2,0.0008600608060800038
ESP_2,open_field_pv_CN,monetary,0.0003252644082448036
ESP_2,open_field_pv_CN,vul,0.0
ESP_2,open_field_pv_DE,co2,0.004861451166629217
ESP_2,open_field_pv_DE,monetary,0.0018383670763532749
ESP_2,open_field_pv_DE,vul,0.0
ESP_2,open_field_pv_ESP,co2,0.0010390378000387872
ESP_2,open_field_pv_ESP,monetary,0.0027086059101299304
ESP_2,open_field_pv_ESP,vul,0.0
ESP_2,open_field_pv_MY,co2,0.0049441766708049175
ESP_2,open_field_pv_MY,monetary,0.0018696361259449392
ESP_2,open_field_pv_MY,vul,0.0
ESP_2,open_field_pv_NL,co2,0.004896803477040841
ESP_2,open_field_pv_NL,monetary,0.0018517306185111702
ESP_2,open_field_pv_NL,vul,0.0
ESP_2,open_field_pv_PT,co2,0.005522655399479166
ESP_2,open_field_pv_PT,monetary,0.0020883985042720846
ESP_2,open_field_pv_PT,vul,0.0
ESP_2,pumped_hydro_CN,co2,0.002815680933929241
ESP_2,pumped_hydro_CN,monetary,0.0013681463401092103
ESP_2,pumped_hydro_CN,vulnerability,2.412042473658882e-07
ESP_2,pumped_hydro_ESP,co2,4.877809495794048e-06
ESP_2,pumped_hydro_ESP,monetary,0.00021378932799817095
ESP_2,pumped_hydro_ESP,vul,0.0
ESP_2,roof_mounted_pv_CN,co2,0.0009598101831219565
ESP_2,roof_mounted_pv_CN,monetary,0.00036295104457162626
ESP_2,roof_mounted_pv_CN,vul,0.0
ESP_2,roof_mounted_pv_DE,co2,0.0012186009862028423
ESP_2,roof_mounted_pv_DE,monetary,0.0004608162985621943
ESP_2,roof_mounted_pv_DE,vul,0.0
ESP_2,roof_mounted_pv_ESP,co2,0.0005921984564502013
ESP_2,roof_mounted_pv_ESP,monetary,0.0015437669727231859
ESP_2,roof_mounted_pv_ESP,vul,0.0
ESP_2,roof_mounted_pv_MY,co2,0.001331742755014207
ESP_2,roof_mounted_pv_MY,monetary,0.0005035973693947
ESP_2,roof_mounted_pv_MY,vul,0.0
ESP_2,roof_mounted_pv_NL,co2,0.0011181459104480562
ESP_2,roof_mounted_pv_NL,monetary,0.0004228278770115009
ESP_2,roof_mounted_pv_NL,vul,0.0
ESP_2,roof_mounted_pv_PT,co2,0.001674580081033319
ESP_2,roof_mounted_pv_PT,monetary,0.0006332443876262177
ESP_2,roof_mounted_pv_PT,vul,0.0
ESP_2,wind_offshore_CN,co2,0.0006272329512080552
ESP_2,wind_offshore_CN,monetary,0.00023721035008658287
ESP_2,wind_offshore_CN,vul,0.0
ESP_2,wind_offshore_DE,co2,0.00022619812713691186
ESP_2,wind_offshore_DE,monetary,8.554407281749974e-05
ESP_2,wind_offshore_DE,vul,0.0
ESP_2,wind_offshore_ESP,co2,0.0005160237808187708
ESP_2,wind_offshore_ESP,monetary,0.00454343647857965
ESP_2,wind_offshore_ESP,vul,0.0
ESP_2,wind_offshore_FR,co2,0.00017192942810320298
ESP_2,wind_offshore_FR,monetary,6.50217008839447e-05
ESP_2,wind_offshore_FR,vul,0.0
ESP_2,wind_offshore_IND,co2,0.0006349135939669273
ESP_2,wind_offshore_IND,monetary,0.00024011958121538995
ESP_2,wind_offshore_IND,vul,0.0
ESP_2,wind_offshore_NDL,co2,8.9011151013296e-05
ESP_2,wind_offshore_NDL,monetary,3.366290685634262e-05
ESP_2,wind_offshore_NDL,vul,0.0
ESP_2,wind_offshore_PT,co2,0.00015618214297725104
ESP_2,wind_offshore_PT,monetary,5.906443494740069e-05
ESP_2,wind_offshore_PT,vul,0.0
ESP_2,wind_onshore_competing_CN,co2,0.0014144733363634632
ESP_2,wind_onshore_competing_CN,monetary,0.0005349331769969757
ESP_2,wind_onshore_competing_CN,vul,0.0
ESP_2,wind_onshore_competing_DE,co2,0.0005288422617941406
ESP_2,wind_onshore_competing_DE,monetary,0.00019999865394335048
ESP_2,wind_onshore_competing_DE,vul,0.0
ESP_2,wind_onshore_competing_ESP,co2,0.0005158304179267028
ESP_2,wind_onshore_competing_ESP,monetary,0.004541733975613544
ESP_2,wind_onshore_competing_ESP,vul,0.0
ESP_2,wind_onshore_competing_FR,co2,0.0004041554208548717
ESP_2,wind_onshore_competing_FR,monetary,0.00015284685801243987
ESP_2,wind_onshore_competing_FR,vul,0.0
ESP_2,wind_onshore_competing_IND,co2,0.0013094879420586885
ESP_2,wind_onshore_competing_IND,monetary,0.0004952385635487181
ESP_2,wind_onshore_competing_IND,vul,0.0
ESP_2,wind_onshore_competing_NDL,co2,0.00020996088994252376
ESP_2,wind_onshore_competing_NDL,monetary,7.940458921325731e-05
ESP_2,wind_onshore_competing_NDL,vul,0.0
ESP_2,wind_onshore_competing_PT,co2,0.0003677305771334685
ESP_2,wind_onshore_competing_PT,monetary,0.00013906710675901977
ESP_2,wind_onshore_competing_PT,vul,0.0
ESP_2,wind_onshore_monopoly_CN,co2,0.001163054718938544
ESP_2,wind_onshore_monopoly_CN,monetary,0.0004398503243777305
ESP_2,wind_onshore_monopoly_CN,vul,0.0
ESP_2,wind_onshore_monopoly_DE,co2,0.00042983774971893984
ESP_2,wind_onshore_monopoly_DE,monetary,0.00016255692399880594
ESP_2,wind_onshore_monopoly_DE,vul,0.0
ESP_2,wind_onshore_monopoly_ESP,co2,0.00017154505251829939
ESP_2,wind_onshore_monopoly_ESP,monetary,6.487619875544943e-05
ESP_2,wind_onshore_monopoly_ESP,vul,0.0
ESP_2,wind_onshore_monopoly_FR,co2,0.0003279748197990424
ESP_2,wind_onshore_monopoly_FR,monetary,0.00012403624478782126
ESP_2,wind_onshore_monopoly_FR,vul,0.0
ESP_2,wind_onshore_monopoly_IND,co2,0.0011768180949773687
ESP_2,wind_onshore_monopoly_IND,monetary,0.00044506381784507556
ESP_2,wind_onshore_monopoly_IND,vul,0.0
ESP_2,wind_onshore_monopoly_NDL,co2,0.0006672383936828392
ESP_2,wind_onshore_monopoly_NDL,monetary,0.0012718026942658029
ESP_2,wind_onshore_monopoly_NDL,vul,0.0
ESP_2,wind_onshore_monopoly_PT,co2,0.00029835426272998785
ESP_2,wind_onshore_monopoly_PT,monetary,0.00011283060666456497
ESP_2,wind_onshore_monopoly_PT,vul,0.0
ESP_3,ESP_2_ESP_3_ac_ohl_transmission,monetary,763127.8538812784
ESP_3,ESP_3_ESP_11_ac_ohl_transmission,monetary,107876.71232876711
ESP_3,ESP_3_ESP_4_ac_ohl_transmission,monetary,283675.799086758
ESP_3,ESP_3_ESP_5_ac_ohl_transmission,monetary,155821.91780821915
ESP_3,Trade_Markets_ESP_3_natural_gas_transmission,monetary,0.0
ESP_3,battery_CN,co2,0.008642830612163881
ESP_3,battery_CN,monetary,0.009368586524867628
ESP_3,battery_CN,vul,1.1778909780263976e-07
ESP_3,battery_CZ,co2,0.009247561443139473
ESP_3,battery_CZ,monetary,0.009194042189418866
ESP_3,battery_CZ,vul,0.0
ESP_3,battery_ESP,co2,0.0005030994321319684
ESP_3,battery_ESP,monetary,0.008137049141492316
ESP_3,battery_ESP,vul,0.0
ESP_3,battery_HU,co2,0.009690853468254752
ESP_3,battery_HU,monetary,0.009130698748737898
ESP_3,battery_HU,vul,0.0
ESP_3,battery_PL,co2,0.009318739658933832
ESP_3,battery_PL,monetary,0.009183861277532061
ESP_3,battery_PL,vul,0.0
ESP_3,battery_US,co2,0.00881493791672555
ESP_3,battery_US,monetary,0.009256647878809914
ESP_3,battery_US,vul,0.0
ESP_3,biogas_to_electricity_supply_BEL,co2,0.012392646901863149
ESP_3,biogas_to_electricity_supply_BEL,monetary,0.004686761391544524
ESP_3,biogas_to_electricity_supply_BEL,vul,0.0
ESP_3,biogas_to_electricity_supply_CAN,co2,0.00801224311972553
ESP_3,biogas_to_electricity_supply_CAN,monetary,0.0030301452232006816
ESP_3,biogas_to_electricity_supply_CAN,vul,0.0
ESP_3,biogas_to_electricity_supply_FR,co2,0.00806665276748276
ESP_3,biogas_to_electricity_supply_FR,monetary,0.0030507227804670686
ESP_3,biogas_to_electricity_supply_FR,vul,0.0
ESP_3,biogas_to_electricity_supply_FSM,co2,0.008091655030452543
ESP_3,biogas_to_electricity_supply_FSM,monetary,0.003060178797872186
ESP_3,biogas_to_electricity_supply_FSM,vul,0.0
ESP_3,biogas_to_electricity_supply_UK,co2,0.007886316570768164
ESP_3,biogas_to_electricity_supply_UK,monetary,0.0029825215618960632
ESP_3,biogas_to_electricity_supply_UK,vul,0.0
ESP_3,biogas_to_electricity_supply_USA,co2,0.007850344582056345
ESP_3,biogas_to_electricity_supply_USA,monetary,0.0030603405155287173
ESP_3,biogas_to_electricity_supply_USA,vul,0.0
ESP_3,biomass_ESP,co2,0.0
ESP_3,biomass_ESP,monetary,2.429652211318015e-06
ESP_3,biomass_ESP,vul,0.0
ESP_3,biomass_FR,co2,3.3233476289592425e-07
ESP_3,biomass_FR,monetary,1.2591033542706408e-07
ESP_3,biomass_FR,vul,0.0
ESP_3,biomass_IT,co2,1.0029960843716906e-05
ESP_3,biomass_IT,monetary,3.7935962301817073e-06
ESP_3,biomass_IT,vul,0.0
ESP_3,existing_biogas_to_electricity_supply,monetary,0.0
ESP_3,existing_biomass,monetary,0.0
ESP_3,existing_ccgt,monetary,0.0
ESP_3,existing_chp,monetary,0.0
ESP_3,existing_coal,monetary,0.0
ESP_3,existing_hydro_run_of_river,monetary,0.0
ESP_3,existing_nuclear,monetary,0.0
ESP_3,existing_oil_and_other,monetary,0.0
ESP_3,existing_open_field_pv,monetary,0.0
ESP_3,existing_pumped_hydro,monetary,0.0
ESP_3,existing_rooftop_pv,monetary,0.0
ESP_3,existing_wind_onshore,monetary,0.0
ESP_3,existing_wte,monetary,0.0
ESP_3,open_field_pv_CN,co2,0.0008889203742974188
ESP_3,open_field_pv_CN,monetary,0.0003361787416408598
ESP_3,open_field_pv_CN,vul,0.0
ESP_3,open_field_pv_DE,co2,0.07005663887776471
ESP_3,open_field_pv_DE,monetary,0.026492052265569183
ESP_3,open_field_pv_DE,vul,0.0
ESP_3,open_field_pv_ESP,co2,0.0011198411252836757
ESP_3,open_field_pv_ESP,monetary,0.0029192472980643113
ESP_3,open_field_pv_ESP,vul,0.0
ESP_3,open_field_pv_MY,co2,0.03334543858618961
ESP_3,open_field_pv_MY,monetary,0.012609548721095515
ESP_3,open_field_pv_MY,vul,0.0
ESP_3,open_field_pv_NL,co2,89046.02941634342
ESP_3,open_field_pv_NL,monetary,33672.835738699636
ESP_3,open_field_pv_NL,vul,0.01451561323927678
ESP_3,open_field_pv_PT,co2,0.01550915852864581
ESP_3,open_field_pv_PT,monetary,0.005864806172189767
ESP_3,open_field_pv_PT,vul,0.0
ESP_3,pumped_hydro_CN,co2,1519.6559675949059
ESP_3,pumped_hydro_CN,monetary,738.4045987727458
ESP_3,pumped_hydro_CN,vulnerability,0.13018075645641367
ESP_3,pumped_hydro_ESP,co2,5.015177571553699e-06
ESP_3,pumped_hydro_ESP,monetary,0.00021981002819779544
ESP_3,pumped_hydro_ESP,vul,0.0
ESP_3,roof_mounted_pv_CN,co2,0.0010179133972183568
ESP_3,roof_mounted_pv_CN,monetary,0.0003849227037810157
ESP_3,roof_mounted_pv_CN,vul,0.0
ESP_3,roof_mounted_pv_DE,co2,0.001298033657406106
ESP_3,roof_mounted_pv_DE,monetary,0.000490853915422208
ESP_3,roof_mounted_pv_DE,vul,0.0
ESP_3,roof_mounted_pv_ESP,co2,0.0006209672210325363
ESP_3,roof_mounted_pv_ESP,monetary,0.001618762555917503
ESP_3,roof_mounted_pv_ESP,vul,0.0
ESP_3,roof_mounted_pv_MY,co2,0.0014181458026500627
ESP_3,roof_mounted_pv_MY,monetary,0.0005362706070250692
ESP_3,roof_mounted_pv_MY,vul,0.0
ESP_3,roof_mounted_pv_NL,co2,0.001191330507826974
ESP_3,roof_mounted_pv_NL,monetary,0.0004505026980259331
ESP_3,roof_mounted_pv_NL,vul,0.0
ESP_3,roof_mounted_pv_PT,co2,0.0017831955153923998
ESP_3,roof_mounted_pv_PT,monetary,0.0006743174393103332
ESP_3,roof_mounted_pv_PT,vul,0.0
ESP_3,wind_offshore_CN,co2,0.0
ESP_3,wind_offshore_CN,monetary,0.0
ESP_3,wind_offshore_CN,vul,0.0
ESP_3,wind_offshore_DE,co2,0.0
ESP_3,wind_offshore_DE,monetary,0.0
ESP_3,wind_offshore_DE,vul,0.0
ESP_3,wind_offshore_ESP,co2,0.0
ESP_3,wind_offshore_ESP,monetary,0.0
ESP_3,wind_offshore_ESP,vul,0.0
ESP_3,wind_offshore_FR,co2,0.0
ESP_3,wind_offshore_FR,monetary,0.0
ESP_3,wind_offshore_FR,vul,0.0
ESP_3,wind_offshore_IND,co2,0.0
ESP_3,wind_offshore_IND,monetary,0.0
ESP_3,wind_offshore_IND,vul,0.0
ESP_3,wind_offshore_NDL,co2,0.0
ESP_3,wind_offshore_NDL,monetary,0.0
ESP_3,wind_offshore_NDL,vul,0.0
ESP_3,wind_offshore_PT,co2,0.0
ESP_3,wind_offshore_PT,monetary,0.0
ESP_3,wind_offshore_PT,vul,0.0
ESP_3,wind_onshore_competing_CN,co2,0.0016028215576115723
ESP_3,wind_onshore_competing_CN,monetary,0.000606163726052791
ESP_3,wind_onshore_competing_CN,vul,0.0
ESP_3,wind_onshore_competing_DE,co2,0.0006137788650259129
ESP_3,wind_onshore_competing_DE,monetary,0.00023212015319578241
ESP_3,wind_onshore_competing_DE,vul,0.0
ESP_3,wind_onshore_competing_ESP,co2,0.0005153458154782216
ESP_3,wind_onshore_competing_ESP,monetary,0.004537467194655222
ESP_3,wind_onshore_competing_ESP,vul,0.0
ESP_3,wind_onshore_competing_FR,co2,0.0004706060790337094
ESP_3,wind_onshore_competing_FR,monetary,0.0001779777205257035
ESP_3,wind_onshore_competing_FR,vul,0.0
ESP_3,wind_onshore_competing_IND,co2,0.0014840205837567256
ESP_3,wind_onshore_competing_IND,monetary,0.0005612455056447341
ESP_3,wind_onshore_competing_IND,vul,0.0
ESP_3,wind_onshore_competing_NDL,co2,0.0002468708982852427
ESP_3,wind_onshore_competing_NDL,monetary,9.33634938983813e-05
ESP_3,wind_onshore_competing_NDL,vul,0.0
ESP_3,wind_onshore_competing_PT,co2,0.0004285847643757897
ESP_3,wind_onshore_competing_PT,monetary,0.00016208073760780737
ESP_3,wind_onshore_competing_PT,vul,0.0
ESP_3,wind_onshore_monopoly_CN,co2,0.0013530156529597487
ESP_3,wind_onshore_monopoly_CN,monetary,0.0005116907778729701
ESP_3,wind_onshore_monopoly_CN,vul,0.0
ESP_3,wind_onshore_monopoly_DE,co2,0.0005052877696423128
ESP_3,wind_onshore_monopoly_DE,monetary,0.0001910907676698466
ESP_3,wind_onshore_monopoly_DE,vul,0.0
ESP_3,wind_onshore_monopoly_ESP,co2,0.0002029372897975575
ESP_3,wind_onshore_monopoly_ESP,monetary,7.674835126121829e-05
ESP_3,wind_onshore_monopoly_ESP,vul,0.0
ESP_3,wind_onshore_monopoly_FR,co2,0.0003860418176543509
ESP_3,wind_onshore_monopoly_FR,monetary,0.00014599650492147425
ESP_3,wind_onshore_monopoly_FR,vul,0.0
ESP_3,wind_onshore_monopoly_IND,co2,0.0013686868970804592
ESP_3,wind_onshore_monopoly_IND,monetary,0.0005176271663811167
ESP_3,wind_onshore_monopoly_IND,vul,0.0
ESP_3,wind_onshore_monopoly_NDL,co2,0.0007441838622348425
ESP_3,wind_onshore_monopoly_NDL,monetary,0.0014184660984440977
ESP_3,wind_onshore_monopoly_NDL,vul,0.0
ESP_3,wind_onshore_monopoly_PT,co2,0.00035139083282660844
ESP_3,wind_onshore_monopoly_PT,monetary,0.00013288779748414146
ESP_3,wind_onshore_monopoly_PT,vul,0.0
ESP_4,ESP_2_ESP_4_ac_ohl_transmission,monetary,95890.4109589041
ESP_4,ESP_3_ESP_4_ac_ohl_transmission,monetary,283675.799086758
ESP_4,ESP_3_ESP_7_ac_ohl_transmission,monetary,407534.24657534243
ESP_4,ESP_4_ESP_5_techs_ac_ohl_transmission,monetary,35958.904109589035
ESP_4,ESP_4_FRA_1_ac_ohl_mountain_transmission,monetary,117808.21917808219
ESP_4,ESP_4_FRA_1_dc_subsea_transmission,monetary,430136.98630136985
ESP_4,ESP_4_FRA_1_dc_underground_transmission,monetary,603310.502283105
ESP_4,Trade_Markets_ESP_4_natural_gas_transmission,monetary,0.0
ESP_4,battery_CN,co2,4962.284035652593
ESP_4,battery_CN,monetary,6914.651841160072
ESP_4,battery_CN,vul,0.06762864920403905
ESP_4,battery_CZ,co2,0.1889322449855328
ESP_4,battery_CZ,monetary,0.24415597570848635
ESP_4,battery_CZ,vul,4.138531608374941e-07
ESP_4,battery_ESP,co2,0.0012802667269612366
ESP_4,battery_ESP,monetary,0.020935747315413283
ESP_4,battery_ESP,vul,0.0
ESP_4,battery_HU,co2,0.11390183641476893
ESP_4,battery_HU,monetary,0.13682505096816838
ESP_4,battery_HU,vul,1.5703790571641505e-07
ESP_4,battery_PL,co2,0.17060923174459225
ESP_4,battery_PL,monetary,0.21789904272851515
ESP_4,battery_PL,vul,2.2047283878258744e-07
ESP_4,battery_US,co2,0.5525223485707105
ESP_4,battery_US,monetary,0.7684245277972244
ESP_4,battery_US,vul,1.0709873009705573e-06
ESP_4,biogas_to_electricity_supply_BEL,co2,0.014016423497363716
ESP_4,biogas_to_electricity_supply_BEL,monetary,0.005300855661844561
ESP_4,biogas_to_electricity_supply_BEL,vul,0.0
ESP_4,biogas_to_electricity_supply_CAN,co2,0.008107352096935572
ESP_4,biogas_to_electricity_supply_CAN,monetary,0.00306611442791278
ESP_4,biogas_to_electricity_supply_CAN,vul,0.0
ESP_4,biogas_to_electricity_supply_FR,co2,0.00815859135573298
ESP_4,biogas_to_electricity_supply_FR,monetary,0.0030854929823914095
ESP_4,biogas_to_electricity_supply_FR,vul,0.0
ESP_4,biogas_to_electricity_supply_FSM,co2,0.008253316820287187
ESP_4,biogas_to_electricity_supply_FSM,monetary,0.003121317585897159
ESP_4,biogas_to_electricity_supply_FSM,vul,0.0
ESP_4,biogas_to_electricity_supply_UK,co2,0.007990643436274437
ESP_4,biogas_to_electricity_supply_UK,monetary,0.0030219768796055798
ESP_4,biogas_to_electricity_supply_UK,vul,0.0
ESP_4,biogas_to_electricity_supply_USA,co2,0.008003853529466259
ESP_4,biogas_to_electricity_supply_USA,monetary,0.0031201837041103415
ESP_4,biogas_to_electricity_supply_USA,vul,0.0
ESP_4,biomass_ESP,co2,0.0
ESP_4,biomass_ESP,monetary,2.4680426980485502e-06
ESP_4,biomass_ESP,vul,0.0
ESP_4,biomass_FR,co2,3.262720116137374e-07
ESP_4,biomass_FR,monetary,1.2361336522479226e-07
ESP_4,biomass_FR,vul,0.0
ESP_4,biomass_IT,co2,1.0070027430191633e-05
ESP_4,biomass_IT,monetary,3.808750471935501e-06
ESP_4,biomass_IT,vul,0.0
ESP_4,existing_biogas_to_electricity_supply,monetary,0.0
ESP_4,existing_biomass,monetary,0.0
ESP_4,existing_ccgt,monetary,0.0
ESP_4,existing_chp,monetary,0.0
ESP_4,existing_coal,monetary,0.0
ESP_4,existing_hydro_run_of_river,monetary,0.0
ESP_4,existing_nuclear,monetary,0.0
ESP_4,existing_oil_and_other,monetary,0.0
ESP_4,existing_open_field_pv,monetary,0.0
ESP_4,existing_pumped_hydro,monetary,0.0
ESP_4,existing_rooftop_pv,monetary,0.0
ESP_4,existing_wind_onshore,monetary,0.0
ESP_4,existing_wte,monetary,0.0
ESP_4,open_field_pv_CN,co2,0.0009334699916462619
ESP_4,open_field_pv_CN,monetary,0.00035302685845081937
ESP_4,open_field_pv_CN,vul,0.0
ESP_4,open_field_pv_DE,co2,0.0923692206228757
ESP_4,open_field_pv_DE,monetary,0.034929597817856255
ESP_4,open_field_pv_DE,vul,0.0
ESP_4,open_field_pv_ESP,co2,0.0011858211516749678
ESP_4,open_field_pv_ESP,monetary,0.0030912467088916283
ESP_4,open_field_pv_ESP,vul,0.0
ESP_4,open_field_pv_MY,co2,0.04164121310518867
ESP_4,open_field_pv_MY,monetary,0.015746588670537506
ESP_4,open_field_pv_MY,vul,0.0
ESP_4,open_field_pv_NL,co2,160150.28331618442
ESP_4,open_field_pv_NL,monetary,60560.973004174324
ESP_4,open_field_pv_NL,vul,0.026106493327277595
ESP_4,open_field_pv_PT,co2,0.01830311816465416
ESP_4,open_field_pv_PT,monetary,0.006921345228634732
ESP_4,open_field_pv_PT,vul,0.0
ESP_4,pumped_hydro_CN,co2,0.0
ESP_4,pumped_hydro_CN,monetary,0.0
ESP_4,pumped_hydro_CN,vulnerability,0.0
ESP_4,pumped_hydro_ESP,co2,0.0
ESP_4,pumped_hydro_ESP,monetary,0.0
ESP_4,pumped_hydro_ESP,vul,0.0
ESP_4,roof_mounted_pv_CN,co2,0.0010386578088125954
ESP_4,roof_mounted_pv_CN,monetary,0.00039276717760464467
ESP_4,roof_mounted_pv_CN,vul,0.0
ESP_4,roof_mounted_pv_DE,co2,0.0013398939055654238
ESP_4,roof_mounted_pv_DE,monetary,0.0005066834484950302
ESP_4,roof_mounted_pv_DE,vul,0.0
ESP_4,roof_mounted_pv_ESP,co2,0.0006228758170793693
ESP_4,roof_mounted_pv_ESP,monetary,0.0016237379615594435
ESP_4,roof_mounted_pv_ESP,vul,0.0
ESP_4,roof_mounted_pv_MY,co2,0.0014633418983846075
ESP_4,roof_mounted_pv_MY,monetary,0.0005533614714830366
ESP_4,roof_mounted_pv_MY,vul,0.0
ESP_4,roof_mounted_pv_NL,co2,0.0012299592949992753
ESP_4,roof_mounted_pv_NL,monetary,0.00046511020847602125
ESP_4,roof_mounted_pv_NL,vul,0.0
ESP_4,roof_mounted_pv_PT,co2,0.0018375596021796819
ESP_4,roof_mounted_pv_PT,monetary,0.0006948752813845256
ESP_4,roof_mounted_pv_PT,vul,0.0
ESP_4,wind_offshore_CN,co2,0.0006726171755632535
ESP_4,wind_offshore_CN,monetary,0.00025437400152895364
ESP_4,wind_offshore_CN,vul,0.0
ESP_4,wind_offshore_DE,co2,0.00024362861017167818
ESP_4,wind_offshore_DE,monetary,9.213596873124325e-05
ESP_4,wind_offshore_DE,vul,0.0
ESP_4,wind_offshore_ESP,co2,0.0005163985376827841
ESP_4,wind_offshore_ESP,monetary,0.004546736101716892
ESP_4,wind_offshore_ESP,vul,0.0
ESP_4,wind_offshore_FR,co2,0.00018523393844838747
ESP_4,wind_offshore_FR,monetary,7.005331124649798e-05
ESP_4,wind_offshore_FR,vul,0.0
ESP_4,wind_offshore_IND,co2,0.0006808177982329033
ESP_4,wind_offshore_IND,monetary,0.00025748020856548897
ESP_4,wind_offshore_IND,vul,0.0
ESP_4,wind_offshore_NDL,co2,9.594992889210267e-05
ESP_4,wind_offshore_NDL,monetary,3.628706608551862e-05
ESP_4,wind_offshore_NDL,vul,0.0
ESP_4,wind_offshore_PT,co2,0.0001682886085518468
ESP_4,wind_offshore_PT,monetary,6.364281717947066e-05
ESP_4,wind_offshore_PT,vul,0.0
ESP_4,wind_onshore_competing_CN,co2,0.0016851331849828594
ESP_4,wind_onshore_competing_CN,monetary,0.0006372927825019678
ESP_4,wind_onshore_competing_CN,vul,0.0
ESP_4,wind_onshore_competing_DE,co2,0.0006376186420029029
ESP_4,wind_onshore_competing_DE,monetary,0.00024113592907105402
ESP_4,wind_onshore_competing_DE,vul,0.0
ESP_4,wind_onshore_competing_ESP,co2,0.000500793637764122
ESP_4,wind_onshore_competing_ESP,monetary,0.0044093395820787125
ESP_4,wind_onshore_competing_ESP,vul,0.0
ESP_4,wind_onshore_competing_FR,co2,0.00048777097783481827
ESP_4,wind_onshore_competing_FR,monetary,0.00018446928469748064
ESP_4,wind_onshore_competing_FR,vul,0.0
ESP_4,wind_onshore_competing_IND,co2,0.0014366979871522937
ESP_4,wind_onshore_competing_IND,monetary,0.0005433484529014077
ESP_4,wind_onshore_competing_IND,vul,0.0
ESP_4,wind_onshore_competing_NDL,co2,0.0002552489179583927
ESP_4,wind_onshore_competing_NDL,monetary,9.653195641894491e-05
ESP_4,wind_onshore_competing_NDL,vul,0.0
ESP_4,wind_onshore_competing_PT,co2,0.00044389171866124344
ESP_4,wind_onshore_competing_PT,monetary,0.00016786946984314176
ESP_4,wind_onshore_competing_PT,vul,0.0
ESP_4,wind_onshore_monopoly_CN,co2,0.0013776168465304997
ESP_4,wind_onshore_monopoly_CN,monetary,0.0005209945903213214
ESP_4,wind_onshore_monopoly_CN,vul,0.0
ESP_4,wind_onshore_monopoly_DE,co2,0.00051445996216749
ESP_4,wind_onshore_monopoly_DE,monetary,0.00019455952629840486
ESP_4,wind_onshore_monopoly_DE,vul,0.0
ESP_4,wind_onshore_monopoly_ESP,co2,0.00020586881407393438
ESP_4,wind_onshore_monopoly_ESP,monetary,7.785701717036985e-05
ESP_4,wind_onshore_monopoly_ESP,vul,0.0
ESP_4,wind_onshore_monopoly_FR,co2,0.00039279582373994516
ESP_4,wind_onshore_monopoly_FR,monetary,0.00014855079110918985
ESP_4,wind_onshore_monopoly_FR,vul,0.0
ESP_4,wind_onshore_monopoly_IND,co2,0.001393770325667356
ESP_4,wind_onshore_monopoly_IND,monetary,0.0005271135318093635
ESP_4,wind_onshore_monopoly_IND,vul,0.0
ESP_4,wind_onshore_monopoly_NDL,co2,0.0007604165032699785
ESP_4,wind_onshore_monopoly_NDL,monetary,0.001449406639034975
ESP_4,wind_onshore_monopoly_NDL,vul,0.0
ESP_4,wind_onshore_monopoly_PT,co2,0.0003574643794337696
ESP_4,wind_onshore_monopoly_PT,monetary,0.00013518467081191318
ESP_4,wind_onshore_monopoly_PT,vul,0.0
ESP_5,ESP_3_ESP_5_ac_ohl_transmission,monetary,155821.91780821915
ESP_5,ESP_4_ESP_5_techs_ac_ohl_transmission,monetary,35958.904109589035
ESP_5,ESP_5_ESP_11_ac_ohl_transmission,monetary,227739.72602739724
ESP_5,ESP_5_ESP_6_techs_ac_ohl_transmission,monetary,279680.36529680365
ESP_5,ESP_5_FRA_1_ac_ohl_transmission,monetary,3995.4337899543375
ESP_5,Trade_Markets_ESP_5_natural_gas_transmission,monetary,0.0
ESP_5,battery_CN,co2,0.0393066861393475
ESP_5,battery_CN,monetary,0.05879518634655924
ESP_5,battery_CN,vul,5.356924491206814e-07
ESP_5,battery_CZ,co2,0.03695839583664137
ESP_5,battery_CZ,monetary,0.049245843776982906
ESP_5,battery_CZ,vul,0.0
ESP_5,battery_ESP,co2,0.0009613565168923808
ESP_5,battery_ESP,monetary,0.01628019034249046
ESP_5,battery_ESP,vul,0.0
ESP_5,battery_HU,co2,0.03540508464110632
ESP_5,battery_HU,monetary,0.04381251147017674
ESP_5,battery_HU,vul,0.0
ESP_5,battery_PL,co2,0.03671433791004268
ESP_5,battery_PL,monetary,0.04834061578039563
ESP_5,battery_PL,vul,0.0
ESP_5,battery_US,co2,0.038379694288093645
ESP_5,battery_US,monetary,0.05498052914175968
ESP_5,battery_US,vul,0.0
ESP_5,biogas_to_electricity_supply_BEL,co2,0.013435654255373183
ESP_5,biogas_to_electricity_supply_BEL,monetary,0.005081215186140489
ESP_5,biogas_to_electricity_supply_BEL,vul,0.0
ESP_5,biogas_to_electricity_supply_CAN,co2,0.008069896811684492
ESP_5,biogas_to_electricity_supply_CAN,monetary,0.003051949236967967
ESP_5,biogas_to_electricity_supply_CAN,vul,0.0
ESP_5,biogas_to_electricity_supply_FR,co2,0.008119489484594686
ESP_5,biogas_to_electricity_supply_FR,monetary,0.0030707050681872262
ESP_5,biogas_to_electricity_supply_FR,vul,0.0
ESP_5,biogas_to_electricity_supply_FSM,co2,0.008204415993927607
ESP_5,biogas_to_electricity_supply_FSM,monetary,0.0031028238078677156
ESP_5,biogas_to_electricity_supply_FSM,vul,0.0
ESP_5,biogas_to_electricity_supply_UK,co2,0.007954036747381646
ESP_5,biogas_to_electricity_supply_UK,monetary,0.003008132616830603
ESP_5,biogas_to_electricity_supply_UK,vul,0.0
ESP_5,biogas_to_electricity_supply_USA,co2,0.007956505109365509
ESP_5,biogas_to_electricity_supply_USA,monetary,0.003101725624103025
ESP_5,biogas_to_electricity_supply_USA,vul,0.0
ESP_5,biomass_ESP,co2,0.0
ESP_5,biomass_ESP,monetary,2.448440688957091e-06
ESP_5,biomass_ESP,vul,0.0
ESP_5,biomass_FR,co2,3.2656129679082164e-07
ESP_5,biomass_FR,monetary,1.2372296553672881e-07
ESP_5,biomass_FR,vul,0.0
ESP_5,biomass_IT,co2,1.0000908916539308e-05
ESP_5,biomass_IT,monetary,3.782608023633574e-06
ESP_5,biomass_IT,vul,0.0
ESP_5,existing_biogas_to_electricity_supply,monetary,0.0
ESP_5,existing_biomass,monetary,0.0
ESP_5,existing_ccgt,monetary,0.0
ESP_5,existing_chp,monetary,0.0
ESP_5,existing_coal,monetary,0.0
ESP_5,existing_hydro_run_of_river,monetary,0.0
ESP_5,existing_nuclear,monetary,0.0
ESP_5,existing_oil_and_other,monetary,0.0
ESP_5,existing_open_field_pv,monetary,0.0
ESP_5,existing_pumped_hydro,monetary,0.0
ESP_5,existing_rooftop_pv,monetary,0.0
ESP_5,existing_wind_onshore,monetary,0.0
ESP_5,existing_wte,monetary,0.0
ESP_5,open_field_pv_CN,co2,0.0009057689818455039
ESP_5,open_field_pv_CN,monetary,0.00034255067758438314
ESP_5,open_field_pv_CN,vul,0.0
ESP_5,open_field_pv_DE,co2,0.06963774008942178
ESP_5,open_field_pv_DE,monetary,0.026333644885875626
ESP_5,open_field_pv_DE,vul,0.0
ESP_5,open_field_pv_ESP,co2,0.0011510959290736676
ESP_5,open_field_pv_ESP,monetary,0.003000723589169758
ESP_5,open_field_pv_ESP,vul,0.0
ESP_5,open_field_pv_MY,co2,0.033579388591529674
ESP_5,open_field_pv_MY,monetary,0.01269801671299225
ESP_5,open_field_pv_MY,vul,0.0
ESP_5,open_field_pv_NL,co2,23047.641387585387
ESP_5,open_field_pv_NL,monetary,8715.486223197924
ESP_5,open_field_pv_NL,vul,0.0037570529607279138
ESP_5,open_field_pv_PT,co2,0.016062513479616396
ESP_5,open_field_pv_PT,monetary,0.006074057984650764
ESP_5,open_field_pv_PT,vul,0.0
ESP_5,pumped_hydro_CN,co2,195.1534853911185
ESP_5,pumped_hydro_CN,monetary,94.82556193780896
ESP_5,pumped_hydro_CN,vulnerability,0.016717749869089932
ESP_5,pumped_hydro_ESP,co2,5.5095765919682815e-06
ESP_5,pumped_hydro_ESP,monetary,0.00024147902417406852
ESP_5,pumped_hydro_ESP,vul,0.0
ESP_5,roof_mounted_pv_CN,co2,0.0010032358257004515
ESP_5,roof_mounted_pv_CN,monetary,0.00037937239809779133
ESP_5,roof_mounted_pv_CN,vul,0.0
ESP_5,roof_mounted_pv_DE,co2,0.0012916600083547583
ESP_5,roof_mounted_pv_DE,monetary,0.0004884437078173968
ESP_5,roof_mounted_pv_DE,vul,0.0
ESP_5,roof_mounted_pv_ESP,co2,0.0006165694526905038
ESP_5,roof_mounted_pv_ESP,monetary,0.0016072982749046594
ESP_5,roof_mounted_pv_ESP,vul,0.0
ESP_5,roof_mounted_pv_MY,co2,0.0014105246303940874
ESP_5,roof_mounted_pv_MY,monetary,0.000533388667337121
ESP_5,roof_mounted_pv_MY,vul,0.0
ESP_5,roof_mounted_pv_NL,co2,0.001184951451726375
ESP_5,roof_mounted_pv_NL,monetary,0.0004480904522508958
ESP_5,roof_mounted_pv_NL,vul,0.0
ESP_5,roof_mounted_pv_PT,co2,0.0017731009336691204
ESP_5,roof_mounted_pv_PT,monetary,0.0006705001615974894
ESP_5,roof_mounted_pv_PT,vul,0.0
ESP_5,wind_offshore_CN,co2,0.0
ESP_5,wind_offshore_CN,monetary,0.0
ESP_5,wind_offshore_CN,vul,0.0
ESP_5,wind_offshore_DE,co2,0.0
ESP_5,wind_offshore_DE,monetary,0.0
ESP_5,wind_offshore_DE,vul,0.0
ESP_5,wind_offshore_ESP,co2,0.0
ESP_5,wind_offshore_ESP,monetary,0.0
ESP_5,wind_offshore_ESP,vul,0.0
ESP_5,wind_offshore_FR,co2,0.0
ESP_5,wind_offshore_FR,monetary,0.0
ESP_5,wind_offshore_FR,vul,0.0
ESP_5,wind_offshore_IND,co2,0.0
ESP_5,wind_offshore_IND,monetary,0.0
ESP_5,wind_offshore_IND,vul,0.0
ESP_5,wind_offshore_NDL,co2,0.0
ESP_5,wind_offshore_NDL,monetary,0.0
ESP_5,wind_offshore_NDL,vul,0.0
ESP_5,wind_offshore_PT,co2,0.0
ESP_5,wind_offshore_PT,monetary,0.0
ESP_5,wind_offshore_PT,vul,0.0
ESP_5,wind_onshore_competing_CN,co2,0.001480856410980766
ESP_5,wind_onshore_competing_CN,monetary,0.000560038287210758
ESP_5,wind_onshore_competing_CN,vul,0.0
ESP_5,wind_onshore_competing_DE,co2,0.0005577069975346212
ESP_5,wind_onshore_competing_DE,monetary,0.00021091477905585865
ESP_5,wind_onshore_competing_DE,vul,0.0
ESP_5,wind_onshore_competing_ESP,co2,0.0005149773020688661
ESP_5,wind_onshore_competing_ESP,monetary,0.004534222543286143
ESP_5,wind_onshore_competing_ESP,vul,0.0
ESP_5,wind_onshore_competing_FR,co2,0.0004266232537459816
ESP_5,wind_onshore_competing_FR,monetary,0.00016134392989753494
ESP_5,wind_onshore_competing_FR,vul,0.0
ESP_5,wind_onshore_competing_IND,co2,0.0013334836302661935
ESP_5,wind_onshore_competing_IND,monetary,0.0005043135536861341
ESP_5,wind_onshore_competing_IND,vul,0.0
ESP_5,wind_onshore_competing_NDL,co2,0.00022255922534868483
ESP_5,wind_onshore_competing_NDL,monetary,8.416912249357873e-05
ESP_5,wind_onshore_competing_NDL,vul,0.0
ESP_5,wind_onshore_competing_PT,co2,0.000388269496538281
ESP_5,wind_onshore_competing_PT,monetary,0.00014683444587955004
ESP_5,wind_onshore_competing_PT,vul,0.0
ESP_5,wind_onshore_monopoly_CN,co2,0.0012159893180355987
ESP_5,wind_onshore_monopoly_CN,monetary,0.0004598694173786978
ESP_5,wind_onshore_monopoly_CN,vul,0.0
ESP_5,wind_onshore_monopoly_DE,co2,0.00045068663461502384
ESP_5,wind_onshore_monopoly_DE,monetary,0.00017044159815720326
ESP_5,wind_onshore_monopoly_DE,vul,0.0
ESP_5,wind_onshore_monopoly_ESP,co2,0.0001801205893983828
ESP_5,wind_onshore_monopoly_ESP,monetary,6.811935981955317e-05
ESP_5,wind_onshore_monopoly_ESP,vul,0.0
ESP_5,wind_onshore_monopoly_FR,co2,0.00034408060212217544
ESP_5,wind_onshore_monopoly_FR,monetary,0.00013012726348235254
ESP_5,wind_onshore_monopoly_FR,vul,0.0
ESP_5,wind_onshore_monopoly_IND,co2,0.0012302053230168883
ESP_5,wind_onshore_monopoly_IND,monetary,0.00046525446892092527
ESP_5,wind_onshore_monopoly_IND,vul,0.0
ESP_5,wind_onshore_monopoly_NDL,co2,0.0006892349188365464
ESP_5,wind_onshore_monopoly_NDL,monetary,0.0013137295980828335
ESP_5,wind_onshore_monopoly_NDL,vul,0.0
ESP_5,wind_onshore_monopoly_PT,co2,0.00031299236461200584
ESP_5,wind_onshore_monopoly_PT,monetary,0.00011836639455863816
ESP_5,wind_onshore_monopoly_PT,vul,0.0
ESP_6,ESP_5_ESP_6_techs_ac_ohl_transmission,monetary,279680.36529680365
ESP_6,ESP_6_ESP_11_ac_ohl_transmission,monetary,43949.77168949771
ESP_6,ESP_6_FRA_2_ac_ohl_mountain_transmission,monetary,117808.21917808219
ESP_6,ESP_6_FRA_2_dc_underground_transmission,monetary,137899.54337899544
ESP_6,ESP_6_FRA_3_dc_subsea_transmission,monetary,150547.94520547945
ESP_6,ESP_9_MA_dc_subsea_transmission,monetary,0.0
ESP_6,Trade_Markets_ESP_6_natural_gas_transmission,monetary,0.0
ESP_6,Trade_Markets_ESP_6_oil_fuel_transmission,monetary,0.0
ESP_6,battery_CN,co2,0.0039944517175649575
ESP_6,battery_CN,monetary,0.005071817046791844
ESP_6,battery_CN,vul,0.0
ESP_6,battery_CZ,co2,0.0045383595918257035
ESP_6,battery_CZ,monetary,0.005250444632625911
ESP_6,battery_CZ,vul,0.0
ESP_6,battery_ESP,co2,0.00033336980136845627
ESP_6,battery_ESP,monetary,0.006186146468592875
ESP_6,battery_ESP,vul,0.0
ESP_6,battery_HU,co2,0.004812412223085262
ESP_6,battery_HU,monetary,0.005317531166033434
ESP_6,battery_HU,vul,0.0
ESP_6,battery_PL,co2,0.004520026843797
ESP_6,battery_PL,monetary,0.005228245616487136
ESP_6,battery_PL,vul,0.0
ESP_6,battery_US,co2,0.004190121290037971
ESP_6,battery_US,monetary,0.005135926457192814
ESP_6,battery_US,vul,0.0
ESP_6,biogas_to_electricity_supply_BEL,co2,0.011810571315465581
ESP_6,biogas_to_electricity_supply_BEL,monetary,0.004466626870897558
ESP_6,biogas_to_electricity_supply_BEL,vul,0.0
ESP_6,biogas_to_electricity_supply_CAN,co2,0.008054264465839981
ESP_6,biogas_to_electricity_supply_CAN,monetary,0.0030460372498527046
ESP_6,biogas_to_electricity_supply_CAN,vul,0.0
ESP_6,biogas_to_electricity_supply_FR,co2,0.008108140015790742
ESP_6,biogas_to_electricity_supply_FR,monetary,0.0030664128190940254
ESP_6,biogas_to_electricity_supply_FR,vul,0.0
ESP_6,biogas_to_electricity_supply_FSM,co2,0.008161148468579797
ESP_6,biogas_to_electricity_supply_FSM,monetary,0.0030864604850113333
ESP_6,biogas_to_electricity_supply_FSM,vul,0.0
ESP_6,biogas_to_electricity_supply_UK,co2,0.007930199134181276
ESP_6,biogas_to_electricity_supply_UK,monetary,0.0029991174835023557
ESP_6,biogas_to_electricity_supply_UK,vul,0.0
ESP_6,biogas_to_electricity_supply_USA,co2,0.007916812114938363
ESP_6,biogas_to_electricity_supply_USA,monetary,0.0030862518983629213
ESP_6,biogas_to_electricity_supply_USA,vul,0.0
ESP_6,biomass_ESP,co2,0.0
ESP_6,biomass_ESP,monetary,2.42181735682323e-06
ESP_6,biomass_ESP,vul,0.0
ESP_6,biomass_FR,co2,3.308498007229089e-07
ESP_6,biomass_FR,monetary,1.253477337790402e-07
ESP_6,biomass_FR,vul,0.0
ESP_6,biomass_IT,co2,1.0034106922146903e-05
ESP_6,biomass_IT,monetary,3.7951643866029687e-06
ESP_6,biomass_IT,vul,0.0
ESP_6,existing_biogas_to_electricity_supply,monetary,0.0
ESP_6,existing_biomass,monetary,0.0
ESP_6,existing_ccgt,monetary,0.0
ESP_6,existing_chp,monetary,0.0
ESP_6,existing_coal,monetary,0.0
ESP_6,existing_hydro_run_of_river,monetary,0.0
ESP_6,existing_nuclear,monetary,0.0
ESP_6,existing_oil_and_other,monetary,0.0
ESP_6,existing_open_field_pv,monetary,0.0
ESP_6,existing_pumped_hydro,monetary,0.0
ESP_6,existing_rooftop_pv,monetary,0.0
ESP_6,existing_wind_onshore,monetary,0.0
ESP_6,existing_wte,monetary,0.0
ESP_6,open_field_pv_CN,co2,0.0009618016212606768
ESP_6,open_field_pv_CN,monetary,0.0003637415319669224
ESP_6,open_field_pv_CN,vul,0.0
ESP_6,open_field_pv_DE,co2,0.08251078046326896
ESP_6,open_field_pv_DE,monetary,0.031201609776337742
ESP_6,open_field_pv_DE,vul,0.0
ESP_6,open_field_pv_ESP,co2,0.001165799312722635
ESP_6,open_field_pv_ESP,monetary,0.0030390529664542174
ESP_6,open_field_pv_ESP,vul,0.0
ESP_6,open_field_pv_MY,co2,0.0374407277237001
ESP_6,open_field_pv_MY,monetary,0.014158178761541252
ESP_6,open_field_pv_MY,vul,0.0
ESP_6,open_field_pv_NL,co2,127811.40572666145
ESP_6,open_field_pv_NL,monetary,48331.99749360475
ESP_6,open_field_pv_NL,vul,0.020834852999700292
ESP_6,open_field_pv_PT,co2,0.016891663447116637
ESP_6,open_field_pv_PT,monetary,0.0063876020004711345
ESP_6,open_field_pv_PT,vul,0.0
ESP_6,pumped_hydro_CN,co2,0.003695789264148145
ESP_6,pumped_hydro_CN,monetary,0.0017957931577506875
ESP_6,pumped_hydro_CN,vulnerability,3.165983961960461e-07
ESP_6,pumped_hydro_ESP,co2,5.805584463761023e-06
ESP_6,pumped_hydro_ESP,monetary,0.00025445274199705967
ESP_6,pumped_hydro_ESP,vul,0.0
ESP_6,roof_mounted_pv_CN,co2,0.001062357570744124
ESP_6,roof_mounted_pv_CN,monetary,0.0004017292135367579
ESP_6,roof_mounted_pv_CN,vul,0.0
ESP_6,roof_mounted_pv_DE,co2,0.0013909847122704968
ESP_6,roof_mounted_pv_DE,monetary,0.0005260035349736647
ESP_6,roof_mounted_pv_DE,vul,0.0
ESP_6,roof_mounted_pv_ESP,co2,0.0006306968921186625
ESP_6,roof_mounted_pv_ESP,monetary,0.0016441262574176004
ESP_6,roof_mounted_pv_ESP,vul,0.0
ESP_6,roof_mounted_pv_MY,co2,0.0015156766244506642
ESP_6,roof_mounted_pv_MY,monetary,0.0005731518028181428
ESP_6,roof_mounted_pv_MY,vul,0.0
ESP_6,roof_mounted_pv_NL,co2,0.001279185419189688
ESP_6,roof_mounted_pv_NL,monetary,0.00048372511140635176
ESP_6,roof_mounted_pv_NL,vul,0.0
ESP_6,roof_mounted_pv_PT,co2,0.0018898472965361759
ESP_6,roof_mounted_pv_PT,monetary,0.0007146479332679358
ESP_6,roof_mounted_pv_PT,vul,0.0
ESP_6,wind_offshore_CN,co2,0.0006618589781329605
ESP_6,wind_offshore_CN,monetary,0.0002503054082354647
ESP_6,wind_offshore_CN,vul,0.0
ESP_6,wind_offshore_DE,co2,0.00023915692881383455
ESP_6,wind_offshore_DE,monetary,9.044485908089456e-05
ESP_6,wind_offshore_DE,vul,0.0
ESP_6,wind_offshore_ESP,co2,0.0005172909790783929
ESP_6,wind_offshore_ESP,monetary,0.004554593783751177
ESP_6,wind_offshore_ESP,vul,0.0
ESP_6,wind_offshore_FR,co2,0.00018189586953840827
ESP_6,wind_offshore_FR,monetary,6.879089258676523e-05
ESP_6,wind_offshore_FR,vul,0.0
ESP_6,wind_offshore_IND,co2,0.0006699304891003997
ESP_6,wind_offshore_IND,monetary,0.0002533627095320765
ESP_6,wind_offshore_IND,vul,0.0
ESP_6,wind_offshore_NDL,co2,9.422006548161009e-05
ESP_6,wind_offshore_NDL,monetary,3.5632853324547715e-05
ESP_6,wind_offshore_NDL,vul,0.0
ESP_6,wind_offshore_PT,co2,0.0001652559700099007
ESP_6,wind_offshore_PT,monetary,6.249594418576454e-05
ESP_6,wind_offshore_PT,vul,0.0
ESP_6,wind_onshore_competing_CN,co2,0.0015514900806228628
ESP_6,wind_onshore_competing_CN,monetary,0.0005867509104417784
ESP_6,wind_onshore_competing_CN,vul,0.0
ESP_6,wind_onshore_competing_DE,co2,0.000584017164309715
ESP_6,wind_onshore_competing_DE,monetary,0.00022086481202446455
ESP_6,wind_onshore_competing_DE,vul,0.0
ESP_6,wind_onshore_competing_ESP,co2,0.000501447787611263
ESP_6,wind_onshore_competing_ESP,monetary,0.0044150991776408435
ESP_6,wind_onshore_competing_ESP,vul,0.0
ESP_6,wind_onshore_competing_FR,co2,0.000446574010268933
ESP_6,wind_onshore_competing_FR,monetary,0.00016888907290973104
ESP_6,wind_onshore_competing_FR,vul,0.0
ESP_6,wind_onshore_competing_IND,co2,0.001436491443371996
ESP_6,wind_onshore_competing_IND,monetary,0.0005432703395856762
ESP_6,wind_onshore_competing_IND,vul,0.0
ESP_6,wind_onshore_competing_NDL,co2,0.00023303019024033256
ESP_6,wind_onshore_competing_NDL,monetary,8.812911078528073e-05
ESP_6,wind_onshore_competing_NDL,vul,0.0
ESP_6,wind_onshore_competing_PT,co2,0.000406136433916436
ESP_6,wind_onshore_competing_PT,monetary,0.0001535913038683345
ESP_6,wind_onshore_competing_PT,vul,0.0
ESP_6,wind_onshore_monopoly_CN,co2,0.0012542571634610214
ESP_6,wind_onshore_monopoly_CN,monetary,0.0004743417581460959
ESP_6,wind_onshore_monopoly_CN,vul,0.0
ESP_6,wind_onshore_monopoly_DE,co2,0.0004662198999456224
ESP_6,wind_onshore_monopoly_DE,monetary,0.0001763160003786239
ESP_6,wind_onshore_monopoly_DE,vul,0.0
ESP_6,wind_onshore_monopoly_ESP,co2,0.00018636461232045964
ESP_6,wind_onshore_monopoly_ESP,monetary,7.048077139149592e-05
ESP_6,wind_onshore_monopoly_ESP,vul,0.0
ESP_6,wind_onshore_monopoly_FR,co2,0.00035595573883566434
ESP_6,wind_onshore_monopoly_FR,monetary,0.00013461830143821042
ESP_6,wind_onshore_monopoly_FR,vul,0.0
ESP_6,wind_onshore_monopoly_IND,co2,0.0012688892446589789
ESP_6,wind_onshore_monopoly_IND,monetary,0.000479884439286549
ESP_6,wind_onshore_monopoly_IND,vul,0.0
ESP_6,wind_onshore_monopoly_NDL,co2,0.0007042043317683521
ESP_6,wind_onshore_monopoly_NDL,monetary,0.0013422623382226303
ESP_6,wind_onshore_monopoly_NDL,vul,0.0
ESP_6,wind_onshore_monopoly_PT,co2,0.0003238874194345685
ESP_6,wind_onshore_monopoly_PT,monetary,0.00012248664956698022
ESP_6,wind_onshore_monopoly_PT,vul,0.0
ESP_7,ESP_7_ESP_11_ac_ohl_transmission,monetary,83904.1095890411
ESP_7,ESP_7_ESP_8_ac_ohl_transmission,monetary,347602.73972602736
ESP_7,Trade_Markets_ESP_7_natural_gas_transmission,monetary,0.0
ESP_7,battery_CN,co2,92973.63621855347
ESP_7,battery_CN,monetary,93509.7210126085
ESP_7,battery_CN,vul,1.2670942219093662
ESP_7,battery_CZ,co2,0.21460129886791685
ESP_7,battery_CZ,monetary,0.26920679278853876
ESP_7,battery_CZ,vul,4.7008082639953746e-07
ESP_7,battery_ESP,co2,0.001432344448611815
ESP_7,battery_ESP,monetary,0.023419865369210695
ESP_7,battery_ESP,vul,0.0
ESP_7,battery_HU,co2,0.12930977039261282
ESP_7,battery_HU,monetary,0.1502339304821746
ESP_7,battery_HU,vul,1.78281019606927e-07
ESP_7,battery_PL,co2,0.19364751768209182
ESP_7,battery_PL,monetary,0.23992622238227193
ESP_7,battery_PL,vul,2.502444768667997e-07
ESP_7,battery_US,co2,0.6294576475766591
ESP_7,battery_US,monetary,0.8521101209487196
ESP_7,battery_US,vul,1.22011561848548e-06
ESP_7,biogas_to_electricity_supply_BEL,co2,0.014224904205853216
ESP_7,biogas_to_electricity_supply_BEL,monetary,0.005379700749836501
ESP_7,biogas_to_electricity_supply_BEL,vul,0.0
ESP_7,biogas_to_electricity_supply_CAN,co2,0.00846838608465112
ESP_7,biogas_to_electricity_supply_CAN,monetary,0.0032026536463241706
ESP_7,biogas_to_electricity_supply_CAN,vul,0.0
ESP_7,biogas_to_electricity_supply_FR,co2,0.008495996178485139
ESP_7,biogas_to_electricity_supply_FR,monetary,0.003213095918662419
ESP_7,biogas_to_electricity_supply_FR,vul,0.0
ESP_7,biogas_to_electricity_supply_FSM,co2,0.008772592504592554
ESP_7,biogas_to_electricity_supply_FSM,monetary,0.0033177021862516535
ESP_7,biogas_to_electricity_supply_FSM,vul,0.0
ESP_7,biogas_to_electricity_supply_UK,co2,0.008428329195480802
ESP_7,biogas_to_electricity_supply_UK,monetary,0.0031875050070214288
ESP_7,biogas_to_electricity_supply_UK,vul,0.0
ESP_7,biogas_to_electricity_supply_USA,co2,0.008499448434992505
ESP_7,biogas_to_electricity_supply_USA,monetary,0.003313384034722366
ESP_7,biogas_to_electricity_supply_USA,vul,0.0
ESP_7,biomass_ESP,co2,0.0
ESP_7,biomass_ESP,monetary,2.4825499585404774e-06
ESP_7,biomass_ESP,vul,0.0
ESP_7,biomass_FR,co2,3.3783878841203966e-07
ESP_7,biomass_FR,monetary,1.279956234447676e-07
ESP_7,biomass_FR,vul,0.0
ESP_7,biomass_IT,co2,1.017832698251069e-05
ESP_7,biomass_IT,monetary,3.849712224409869e-06
ESP_7,biomass_IT,vul,0.0
ESP_7,existing_biogas_to_electricity_supply,monetary,0.0
ESP_7,existing_biomass,monetary,0.0
ESP_7,existing_ccgt,monetary,0.0
ESP_7,existing_chp,monetary,0.0
ESP_7,existing_coal,monetary,0.0
ESP_7,existing_hydro_run_of_river,monetary,0.0
ESP_7,existing_nuclear,monetary,0.0
ESP_7,existing_oil_and_other,monetary,0.0
ESP_7,existing_open_field_pv,monetary,0.0
ESP_7,existing_pumped_hydro,monetary,0.0
ESP_7,existing_rooftop_pv,monetary,0.0
ESP_7,existing_wind_onshore,monetary,0.0
ESP_7,existing_wte,monetary,0.0
ESP_7,open_field_pv_CN,co2,0.0011619820999808144
ESP_7,open_field_pv_CN,monetary,0.00043944732450249143
ESP_7,open_field_pv_CN,vul,0.0
ESP_7,open_field_pv_DE,co2,0.08327765737054266
ESP_7,open_field_pv_DE,monetary,0.031491605748656656
ESP_7,open_field_pv_DE,vul,0.0
ESP_7,open_field_pv_ESP,co2,0.0012460556544313921
ESP_7,open_field_pv_ESP,monetary,0.003248268455505368
ESP_7,open_field_pv_ESP,vul,0.0
ESP_7,open_field_pv_MY,co2,0.0402452642580936
ESP_7,open_field_pv_MY,monetary,0.015218711823030917
ESP_7,open_field_pv_MY,vul,0.0
ESP_7,open_field_pv_NL,co2,175760.64681447172
ESP_7,open_field_pv_NL,monetary,66464.04593560753
ESP_7,open_field_pv_NL,vul,0.028651177245818196
ESP_7,open_field_pv_PT,co2,0.018714884807239884
ESP_7,open_field_pv_PT,monetary,0.007077055259096938
ESP_7,open_field_pv_PT,vul,0.0
ESP_7,pumped_hydro_CN,co2,0.0
ESP_7,pumped_hydro_CN,monetary,0.0
ESP_7,pumped_hydro_CN,vulnerability,0.0
ESP_7,pumped_hydro_ESP,co2,0.0
ESP_7,pumped_hydro_ESP,monetary,0.0
ESP_7,pumped_hydro_ESP,vul,0.0
ESP_7,roof_mounted_pv_CN,co2,0.0012244593504209874
ESP_7,roof_mounted_pv_CN,monetary,0.0004630278028778978
ESP_7,roof_mounted_pv_CN,vul,0.0
ESP_7,roof_mounted_pv_DE,co2,0.0018311773209348957
ESP_7,roof_mounted_pv_DE,monetary,0.0006924632136345515
ESP_7,roof_mounted_pv_DE,vul,0.0
ESP_7,roof_mounted_pv_ESP,co2,0.0006869488579204043
ESP_7,roof_mounted_pv_ESP,monetary,0.0017907661650526613
ESP_7,roof_mounted_pv_ESP,vul,0.0
ESP_7,roof_mounted_pv_MY,co2,0.001978696142953427
ESP_7,roof_mounted_pv_MY,monetary,0.0007482422327217052
ESP_7,roof_mounted_pv_MY,vul,0.0
ESP_7,roof_mounted_pv_NL,co2,0.0016953733829249522
ESP_7,roof_mounted_pv_NL,monetary,0.0006411069624685315
ESP_7,roof_mounted_pv_NL,vul,0.0
ESP_7,roof_mounted_pv_PT,co2,0.0024053412398049616
ESP_7,roof_mounted_pv_PT,monetary,0.0009095825620310088
ESP_7,roof_mounted_pv_PT,vul,0.0
ESP_7,wind_offshore_CN,co2,0.0
ESP_7,wind_offshore_CN,monetary,0.0
ESP_7,wind_offshore_CN,vul,0.0
ESP_7,wind_offshore_DE,co2,0.0
ESP_7,wind_offshore_DE,monetary,0.0
ESP_7,wind_offshore_DE,vul,0.0
ESP_7,wind_offshore_ESP,co2,0.0
ESP_7,wind_offshore_ESP,monetary,0.0
ESP_7,wind_offshore_ESP,vul,0.0
ESP_7,wind_offshore_FR,co2,0.0
ESP_7,wind_offshore_FR,monetary,0.0
ESP_7,wind_offshore_FR,vul,0.0
ESP_7,wind_offshore_IND,co2,0.0
ESP_7,wind_offshore_IND,monetary,0.0
ESP_7,wind_offshore_IND,vul,0.0
ESP_7,wind_offshore_NDL,co2,0.0
ESP_7,wind_offshore_NDL,monetary,0.0
ESP_7,wind_offshore_NDL,vul,0.0
ESP_7,wind_offshore_PT,co2,0.0
ESP_7,wind_offshore_PT,monetary,0.0
ESP_7,wind_offshore_PT,vul,0.0
ESP_7,wind_onshore_competing_CN,co2,0.0016160158876521312
ESP_7,wind_onshore_competing_CN,monetary,0.0006111536291534664
ESP_7,wind_onshore_competing_CN,vul,0.0
ESP_7,wind_onshore_competing_DE,co2,0.0005955945267107033
ESP_7,wind_onshore_competing_DE,monetary,0.0002252431627420427
ESP_7,wind_onshore_competing_DE,vul,0.0
ESP_7,wind_onshore_competing_ESP,co2,0.000505358539487371
ESP_7,wind_onshore_competing_ESP,monetary,0.004449532189050491
ESP_7,wind_onshore_competing_ESP,vul,0.0
ESP_7,wind_onshore_competing_FR,co2,0.0004547054366266708
ESP_7,wind_onshore_competing_FR,monetary,0.0001719642833505829
ESP_7,wind_onshore_competing_FR,vul,0.0
ESP_7,wind_onshore_competing_IND,co2,0.0012807377536901768
ESP_7,wind_onshore_competing_IND,monetary,0.00048436545694569553
ESP_7,wind_onshore_competing_IND,vul,0.0
ESP_7,wind_onshore_competing_NDL,co2,0.0002377071559067379
ESP_7,wind_onshore_competing_NDL,monetary,8.989788085292089e-05
ESP_7,wind_onshore_competing_NDL,vul,0.0
ESP_7,wind_onshore_competing_PT,co2,0.00041380678447850864
ESP_7,wind_onshore_competing_PT,monetary,0.00015649205111869903
ESP_7,wind_onshore_competing_PT,vul,0.0
ESP_7,wind_onshore_monopoly_CN,co2,0.0011953657305254627
ESP_7,wind_onshore_monopoly_CN,monetary,0.0004520698775045596
ESP_7,wind_onshore_monopoly_CN,vul,0.0
ESP_7,wind_onshore_monopoly_DE,co2,0.00043416556309380696
ESP_7,wind_onshore_monopoly_DE,monetary,0.00016419362535953868
ESP_7,wind_onshore_monopoly_DE,vul,0.0
ESP_7,wind_onshore_monopoly_ESP,co2,0.00017154085181272778
ESP_7,wind_onshore_monopoly_ESP,monetary,6.487461010100807e-05
ESP_7,wind_onshore_monopoly_ESP,vul,0.0
ESP_7,wind_onshore_monopoly_FR,co2,0.0003301270097394099
ESP_7,wind_onshore_monopoly_FR,monetary,0.00012485017787706534
ESP_7,wind_onshore_monopoly_FR,vul,0.0
ESP_7,wind_onshore_monopoly_IND,co2,0.001210049629366552
ESP_7,wind_onshore_monopoly_IND,monetary,0.00045763173605709484
ESP_7,wind_onshore_monopoly_IND,vul,0.0
ESP_7,wind_onshore_monopoly_NDL,co2,0.0006762714690836749
ESP_7,wind_onshore_monopoly_NDL,monetary,0.0012890203630046761
ESP_7,wind_onshore_monopoly_NDL,vul,0.0
ESP_7,wind_onshore_monopoly_PT,co2,0.000299427080822862
ESP_7,wind_onshore_monopoly_PT,monetary,0.00011323632138488475
ESP_7,wind_onshore_monopoly_PT,vul,0.0
ESP_8,ESP_2_ESP_8_techs_ac_ohl_transmission,monetary,95890.4109589041
ESP_8,ESP_7_ESP_8_ac_ohl_transmission,monetary,347602.73972602736
ESP_8,ESP_8_ESP_10_ac_ohl_transmission,monetary,159817.3515981735
ESP_8,ESP_8_ESP_9_ac_ohl_transmission,monetary,243721.4611872146
ESP_8,ESP_8_PRT_2_ac_ohl_transmission,monetary,35958.904109589035
ESP_8,battery_CN,co2,0.0015040049163770313
ESP_8,battery_CN,monetary,0.0036590586898052257
ESP_8,battery_CN,vul,0.0
ESP_8,battery_CZ,co2,0.0017265072049049302
ESP_8,battery_CZ,monetary,0.003742939900232429
ESP_8,battery_CZ,vul,0.0
ESP_8,battery_ESP,co2,0.0001734916269100373
ESP_8,battery_ESP,monetary,0.00461519483232716
ESP_8,battery_ESP,vul,0.0
ESP_8,battery_HU,co2,0.0018986259682546424
ESP_8,battery_HU,monetary,0.0038078717532467176
ESP_8,battery_HU,vul,0.0
ESP_8,battery_PL,co2,0.001753846802507375
ESP_8,battery_PL,monetary,0.0037532584136373876
ESP_8,battery_PL,vul,0.0
ESP_8,battery_US,co2,0.0015923094025411307
ESP_8,battery_US,monetary,0.0036923839345959224
ESP_8,battery_US,vul,0.0
ESP_8,biogas_to_electricity_supply_BEL,co2,0.0032599786812901365
ESP_8,biogas_to_electricity_supply_BEL,monetary,0.0012328877229957863
ESP_8,biogas_to_electricity_supply_BEL,vul,0.0
ESP_8,biogas_to_electricity_supply_CAN,co2,0.007651558863349256
ESP_8,biogas_to_electricity_supply_CAN,monetary,0.002893738269466145
ESP_8,biogas_to_electricity_supply_CAN,vul,0.0
ESP_8,biogas_to_electricity_supply_FR,co2,0.007755827934193977
ESP_8,biogas_to_electricity_supply_FR,monetary,0.0029331721151562478
ESP_8,biogas_to_electricity_supply_FR,vul,0.0
ESP_8,biogas_to_electricity_supply_FSM,co2,0.007445244342314791
ESP_8,biogas_to_electricity_supply_FSM,monetary,0.0028157130766924623
ESP_8,biogas_to_electricity_supply_FSM,vul,0.0
ESP_8,biogas_to_electricity_supply_UK,co2,0.007441487740413069
ESP_8,biogas_to_electricity_supply_UK,monetary,0.0028142920004801874
ESP_8,biogas_to_electricity_supply_UK,vul,0.0
ESP_8,biogas_to_electricity_supply_USA,co2,0.007243233041364235
ESP_8,biogas_to_electricity_supply_USA,monetary,0.0028236670770567414
ESP_8,biogas_to_electricity_supply_USA,vul,0.0
ESP_8,biomass_ESP,co2,0.0
ESP_8,biomass_ESP,monetary,2.3326109043530697e-06
ESP_8,biomass_ESP,vul,0.0
ESP_8,biomass_FR,co2,3.191620657197006e-07
ESP_8,biomass_FR,monetary,1.2091964861029893e-07
ESP_8,biomass_FR,vul,0.0
ESP_8,biomass_IT,co2,9.630158977996872e-06
ESP_8,biomass_IT,monetary,3.6423805999068154e-06
ESP_8,biomass_IT,vul,0.0
ESP_8,existing_biogas_to_electricity_supply,monetary,0.0
ESP_8,existing_biomass,monetary,0.0
ESP_8,existing_ccgt,monetary,0.0
ESP_8,existing_chp,monetary,0.0
ESP_8,existing_coal,monetary,0.0
ESP_8,existing_hydro_run_of_river,monetary,0.0
ESP_8,existing_nuclear,monetary,0.0
ESP_8,existing_oil_and_other,monetary,0.0
ESP_8,existing_open_field_pv,monetary,0.0
ESP_8,existing_pumped_hydro,monetary,0.0
ESP_8,existing_rooftop_pv,monetary,0.0
ESP_8,existing_wind_onshore,monetary,0.0
ESP_8,existing_wte,monetary,0.0
ESP_8,open_field_pv_CN,co2,0.0008727049293460238
ESP_8,open_field_pv_CN,monetary,0.000330046259996241
ESP_8,open_field_pv_CN,vul,0.0
ESP_8,open_field_pv_DE,co2,0.001745982192733994
ESP_8,open_field_pv_DE,monetary,0.0006602465126162773
ESP_8,open_field_pv_DE,vul,0.0
ESP_8,open_field_pv_ESP,co2,0.0008211031936222912
ESP_8,open_field_pv_ESP,monetary,0.0021404851324839914
ESP_8,open_field_pv_ESP,vul,0.0
ESP_8,open_field_pv_MY,co2,0.0018894272783437887
ESP_8,open_field_pv_MY,monetary,0.0007144852888847658
ESP_8,open_field_pv_MY,vul,0.0
ESP_8,open_field_pv_NL,co2,0.0016434613401640373
ESP_8,open_field_pv_NL,monetary,0.0006214763770263039
ESP_8,open_field_pv_NL,vul,0.0
ESP_8,open_field_pv_PT,co2,0.0023816601131112602
ESP_8,open_field_pv_PT,monetary,0.0009006275166788638
ESP_8,open_field_pv_PT,vul,0.0
ESP_8,pumped_hydro_CN,co2,0.0006606250148890572
ESP_8,pumped_hydro_CN,monetary,0.0003209993310725631
ESP_8,pumped_hydro_CN,vulnerability,0.0
ESP_8,pumped_hydro_ESP,co2,4.777617150877195e-06
ESP_8,pumped_hydro_ESP,monetary,0.00020939800150032294
ESP_8,pumped_hydro_ESP,vul,0.0
ESP_8,roof_mounted_pv_CN,co2,0.0009960136214157392
ESP_8,roof_mounted_pv_CN,monetary,0.0003766413303978012
ESP_8,roof_mounted_pv_CN,vul,0.0
ESP_8,roof_mounted_pv_DE,co2,0.0012601970930370707
ESP_8,roof_mounted_pv_DE,monetary,0.0004765459460866679
ESP_8,roof_mounted_pv_DE,vul,0.0
ESP_8,roof_mounted_pv_ESP,co2,0.000605638031926469
ESP_8,roof_mounted_pv_ESP,monetary,0.0015788018035669696
ESP_8,roof_mounted_pv_ESP,vul,0.0
ESP_8,roof_mounted_pv_MY,co2,0.0013763010319840711
ESP_8,roof_mounted_pv_MY,monetary,0.000520447043239214
ESP_8,roof_mounted_pv_MY,vul,0.0
ESP_8,roof_mounted_pv_NL,co2,0.0011561021982774528
ESP_8,roof_mounted_pv_NL,monetary,0.00043718108123304137
ESP_8,roof_mounted_pv_NL,vul,0.0
ESP_8,roof_mounted_pv_PT,co2,0.0017287462868946304
ESP_8,roof_mounted_pv_PT,monetary,0.0006537274008001929
ESP_8,roof_mounted_pv_PT,vul,0.0
ESP_8,wind_offshore_CN,co2,0.0
ESP_8,wind_offshore_CN,monetary,0.0
ESP_8,wind_offshore_CN,vul,0.0
ESP_8,wind_offshore_DE,co2,0.0
ESP_8,wind_offshore_DE,monetary,0.0
ESP_8,wind_offshore_DE,vul,0.0
ESP_8,wind_offshore_ESP,co2,0.0
ESP_8,wind_offshore_ESP,monetary,0.0
ESP_8,wind_offshore_ESP,vul,0.0
ESP_8,wind_offshore_FR,co2,0.0
ESP_8,wind_offshore_FR,monetary,0.0
ESP_8,wind_offshore_FR,vul,0.0
ESP_8,wind_offshore_IND,co2,0.0
ESP_8,wind_offshore_IND,monetary,0.0
ESP_8,wind_offshore_IND,vul,0.0
ESP_8,wind_offshore_NDL,co2,0.0
ESP_8,wind_offshore_NDL,monetary,0.0
ESP_8,wind_offshore_NDL,vul,0.0
ESP_8,wind_offshore_PT,co2,0.0
ESP_8,wind_offshore_PT,monetary,0.0
ESP_8,wind_offshore_PT,vul,0.0
ESP_8,wind_onshore_competing_CN,co2,0.0012788554853076048
ESP_8,wind_onshore_competing_CN,monetary,0.00048364448455026887
ESP_8,wind_onshore_competing_CN,vul,0.0
ESP_8,wind_onshore_competing_DE,co2,0.0004797861453560383
ESP_8,wind_onshore_competing_DE,monetary,0.0001814465109621455
ESP_8,wind_onshore_competing_DE,vul,0.0
ESP_8,wind_onshore_competing_ESP,co2,0.000519332024252976
ESP_8,wind_onshore_competing_ESP,monetary,0.004572564581697573
ESP_8,wind_onshore_competing_ESP,vul,0.0
ESP_8,wind_onshore_competing_FR,co2,0.00036682481340790616
ESP_8,wind_onshore_competing_FR,monetary,0.00013872885844708603
ESP_8,wind_onshore_competing_FR,vul,0.0
ESP_8,wind_onshore_competing_IND,co2,0.0012334013220608319
ESP_8,wind_onshore_competing_IND,monetary,0.0004664631718992341
ESP_8,wind_onshore_competing_IND,vul,0.0
ESP_8,wind_onshore_competing_NDL,co2,0.0001913584815189154
ESP_8,wind_onshore_competing_NDL,monetary,7.236939042143368e-05
ESP_8,wind_onshore_competing_NDL,vul,0.0
ESP_8,wind_onshore_competing_PT,co2,0.0003337407996671802
ESP_8,wind_onshore_competing_PT,monetary,0.00012621296759967535
ESP_8,wind_onshore_competing_PT,vul,0.0
ESP_8,wind_onshore_monopoly_CN,co2,0.0011328156358111653
ESP_8,wind_onshore_monopoly_CN,monetary,0.0004284143443624467
ESP_8,wind_onshore_monopoly_CN,vul,0.0
ESP_8,wind_onshore_monopoly_DE,co2,0.0004176792863558531
ESP_8,wind_onshore_monopoly_DE,monetary,0.00015795881132455174
ESP_8,wind_onshore_monopoly_DE,vul,0.0
ESP_8,wind_onshore_monopoly_ESP,co2,0.00016628872997336136
ESP_8,wind_onshore_monopoly_ESP,monetary,6.28883231441037e-05
ESP_8,wind_onshore_monopoly_ESP,vul,0.0
ESP_8,wind_onshore_monopoly_FR,co2,0.0003186580439585626
ESP_8,wind_onshore_monopoly_FR,monetary,0.00012051274902222837
ESP_8,wind_onshore_monopoly_FR,vul,0.0
ESP_8,wind_onshore_monopoly_IND,co2,0.0011461427565747225
ESP_8,wind_onshore_monopoly_IND,monetary,0.00043346263387157965
ESP_8,wind_onshore_monopoly_IND,vul,0.0
ESP_8,wind_onshore_monopoly_NDL,co2,0.0006539965556781153
ESP_8,wind_onshore_monopoly_NDL,monetary,0.0012465628318554809
ESP_8,wind_onshore_monopoly_NDL,vul,0.0
ESP_8,wind_onshore_monopoly_PT,co2,0.0002898315297185731
ESP_8,wind_onshore_monopoly_PT,monetary,0.00010960750830049596
ESP_8,wind_onshore_monopoly_PT,vul,0.0
ESP_9,ESP_8_ESP_9_ac_ohl_transmission,monetary,243721.4611872146
ESP_9,ESP_9_ESP_10_ac_ohl_transmission,monetary,323630.13698630134
ESP_9,ESP_9_PRT_2_ac_ohl_transmission,monetary,19977.168949771687
ESP_9,Trade_Markets_ESP_9_natural_gas_transmission,monetary,0.0
ESP_9,battery_CN,co2,0.006106812428907197
ESP_9,battery_CN,monetary,0.007237661047857167
ESP_9,battery_CN,vul,0.0
ESP_9,battery_CZ,co2,0.006720096093206999
ESP_9,battery_CZ,monetary,0.007261859899576889
ESP_9,battery_CZ,vul,0.0
ESP_9,battery_ESP,co2,0.0004333650951981895
ESP_9,battery_ESP,monetary,0.007344602035423472
ESP_9,battery_ESP,vul,0.0
ESP_9,battery_HU,co2,0.007156207871674169
ESP_9,battery_HU,monetary,0.007299840648697165
ESP_9,battery_HU,vul,0.0
ESP_9,battery_PL,co2,0.006793235438313645
ESP_9,battery_PL,monetary,0.007271078535093756
ESP_9,battery_PL,vul,0.0
ESP_9,battery_US,co2,0.006366383589070976
ESP_9,battery_US,monetary,0.007274679691582543
ESP_9,battery_US,vul,0.0
ESP_9,biogas_to_electricity_supply_BEL,co2,0.012583470910595614
ESP_9,biogas_to_electricity_supply_BEL,monetary,0.004758928911832108
ESP_9,biogas_to_electricity_supply_BEL,vul,0.0
ESP_9,biogas_to_electricity_supply_CAN,co2,0.008091484878843869
ESP_9,biogas_to_electricity_supply_CAN,monetary,0.003060113614608989
ESP_9,biogas_to_electricity_supply_CAN,vul,0.0
ESP_9,biogas_to_electricity_supply_FR,co2,0.008144915885959612
ESP_9,biogas_to_electricity_supply_FR,monetary,0.003080321064326537
ESP_9,biogas_to_electricity_supply_FR,vul,0.0
ESP_9,biogas_to_electricity_supply_FSM,co2,0.008215867979398012
ESP_9,biogas_to_electricity_supply_FSM,monetary,0.003107154828282969
ESP_9,biogas_to_electricity_supply_FSM,vul,0.0
ESP_9,biogas_to_electricity_supply_UK,co2,0.007969515359517697
ESP_9,biogas_to_electricity_supply_UK,monetary,0.0030139864643181765
ESP_9,biogas_to_electricity_supply_UK,vul,0.0
ESP_9,biogas_to_electricity_supply_USA,co2,0.007969117380125148
ESP_9,biogas_to_electricity_supply_USA,monetary,0.003106642330980678
ESP_9,biogas_to_electricity_supply_USA,vul,0.0
ESP_9,biomass_ESP,co2,0.0
ESP_9,biomass_ESP,monetary,2.4389510088478343e-06
ESP_9,biomass_ESP,vul,0.0
ESP_9,biomass_FR,co2,3.3200182850141933e-07
ESP_9,biomass_FR,monetary,1.257841979116202e-07
ESP_9,biomass_FR,vul,0.0
ESP_9,biomass_IT,co2,9.992515586263042e-06
ESP_9,biomass_IT,monetary,3.7794334443315363e-06
ESP_9,biomass_IT,vul,0.0
ESP_9,existing_biogas_to_electricity_supply,monetary,0.0
ESP_9,existing_biomass,monetary,0.0
ESP_9,existing_ccgt,monetary,0.0
ESP_9,existing_chp,monetary,0.0
ESP_9,existing_coal,monetary,0.0
ESP_9,existing_hydro_run_of_river,monetary,0.0
ESP_9,existing_nuclear,monetary,0.0
ESP_9,existing_oil_and_other,monetary,0.0
ESP_9,existing_open_field_pv,monetary,0.0
ESP_9,existing_pumped_hydro,monetary,0.0
ESP_9,existing_rooftop_pv,monetary,0.0
ESP_9,existing_wind_onshore,monetary,0.0
ESP_9,existing_wte,monetary,0.0
ESP_9,open_field_pv_CN,co2,0.0009591020047385818
ESP_9,open_field_pv_CN,monetary,0.0003627205702345197
ESP_9,open_field_pv_CN,vul,0.0
ESP_9,open_field_pv_DE,co2,0.07117832095148385
ESP_9,open_field_pv_DE,monetary,0.02691621849161619
ESP_9,open_field_pv_DE,vul,0.0
ESP_9,open_field_pv_ESP,co2,0.0011283971364976983
ESP_9,open_field_pv_ESP,monetary,0.0029415514553727123
ESP_9,open_field_pv_ESP,vul,0.0
ESP_9,open_field_pv_MY,co2,0.033494424441204235
ESP_9,open_field_pv_MY,monetary,0.012665887593133593
ESP_9,open_field_pv_MY,vul,0.0
ESP_9,open_field_pv_NL,co2,104361.21791248431
ESP_9,open_field_pv_NL,monetary,39464.28797882751
ESP_9,open_field_pv_NL,vul,0.01701217995150123
ESP_9,open_field_pv_PT,co2,0.015443791535184472
ESP_9,open_field_pv_PT,monetary,0.005840087568275734
ESP_9,open_field_pv_PT,vul,0.0
ESP_9,pumped_hydro_CN,co2,0.011161038761180906
ESP_9,pumped_hydro_CN,monetary,0.005423176379440736
ESP_9,pumped_hydro_CN,vulnerability,9.561061843947544e-07
ESP_9,pumped_hydro_ESP,co2,5.314225050112416e-06
ESP_9,pumped_hydro_ESP,monetary,0.00023291696883082812
ESP_9,pumped_hydro_ESP,vul,0.0
ESP_9,roof_mounted_pv_CN,co2,0.0010255849517955054
ESP_9,roof_mounted_pv_CN,monetary,0.0003878236927434453
ESP_9,roof_mounted_pv_CN,vul,0.0
ESP_9,roof_mounted_pv_DE,co2,0.0013419911510015286
ESP_9,roof_mounted_pv_DE,monetary,0.0005074765258763753
ESP_9,roof_mounted_pv_DE,vul,0.0
ESP_9,roof_mounted_pv_ESP,co2,0.0006231288437616507
ESP_9,roof_mounted_pv_ESP,monetary,0.0016243975617847893
ESP_9,roof_mounted_pv_ESP,vul,0.0
ESP_9,roof_mounted_pv_MY,co2,0.0014630400972185811
ESP_9,roof_mounted_pv_MY,monetary,0.0005532473456334919
ESP_9,roof_mounted_pv_MY,vul,0.0
ESP_9,roof_mounted_pv_NL,co2,0.00123310100802772
ESP_9,roof_mounted_pv_NL,monetary,0.000466298250070221
ESP_9,roof_mounted_pv_NL,vul,0.0
ESP_9,roof_mounted_pv_PT,co2,0.0018269825397730774
ESP_9,roof_mounted_pv_PT,monetary,0.0006908755530452145
ESP_9,roof_mounted_pv_PT,vul,0.0
ESP_9,wind_offshore_CN,co2,0.0
ESP_9,wind_offshore_CN,monetary,0.0
ESP_9,wind_offshore_CN,vul,0.0
ESP_9,wind_offshore_DE,co2,0.0
ESP_9,wind_offshore_DE,monetary,0.0
ESP_9,wind_offshore_DE,vul,0.0
ESP_9,wind_offshore_ESP,co2,0.0
ESP_9,wind_offshore_ESP,monetary,0.0
ESP_9,wind_offshore_ESP,vul,0.0
ESP_9,wind_offshore_FR,co2,0.0
ESP_9,wind_offshore_FR,monetary,0.0
ESP_9,wind_offshore_FR,vul,0.0
ESP_9,wind_offshore_IND,co2,0.0
ESP_9,wind_offshore_IND,monetary,0.0
ESP_9,wind_offshore_IND,vul,0.0
ESP_9,wind_offshore_NDL,co2,0.0
ESP_9,wind_offshore_NDL,monetary,0.0
ESP_9,wind_offshore_NDL,vul,0.0
ESP_9,wind_offshore_PT,co2,0.0
ESP_9,wind_offshore_PT,monetary,0.0
ESP_9,wind_offshore_PT,vul,0.0
ESP_9,wind_onshore_competing_CN,co2,0.0014189160583062365
ESP_9,wind_onshore_competing_CN,monetary,0.0005366133496112378
ESP_9,wind_onshore_competing_CN,vul,0.0
ESP_9,wind_onshore_competing_DE,co2,0.000530945241192935
ESP_9,wind_onshore_competing_DE,monetary,0.00020079396301642374
ESP_9,wind_onshore_competing_DE,vul,0.0
ESP_9,wind_onshore_competing_ESP,co2,0.0005157982725214448
ESP_9,wind_onshore_competing_ESP,monetary,0.004541450944845784
ESP_9,wind_onshore_competing_ESP,vul,0.0
ESP_9,wind_onshore_competing_FR,co2,0.0004057988271328162
ESP_9,wind_onshore_competing_FR,monetary,0.0001534683750651876
ESP_9,wind_onshore_competing_FR,vul,0.0
ESP_9,wind_onshore_competing_IND,co2,0.0013174677611454896
ESP_9,wind_onshore_competing_IND,monetary,0.0004982564715530584
ESP_9,wind_onshore_competing_IND,vul,0.0
ESP_9,wind_onshore_competing_NDL,co2,0.00021149766481544762
ESP_9,wind_onshore_competing_NDL,monetary,7.998577829819204e-05
ESP_9,wind_onshore_competing_NDL,vul,0.0
ESP_9,wind_onshore_competing_PT,co2,0.00036923929203935965
ESP_9,wind_onshore_competing_PT,monetary,0.00013963766746278832
ESP_9,wind_onshore_competing_PT,vul,0.0
ESP_9,wind_onshore_monopoly_CN,co2,0.0011963869181941728
ESP_9,wind_onshore_monopoly_CN,monetary,0.0004524560757805466
ESP_9,wind_onshore_monopoly_CN,vul,0.0
ESP_9,wind_onshore_monopoly_DE,co2,0.0004431450711866021
ESP_9,wind_onshore_monopoly_DE,monetary,0.00016758951419327097
ESP_9,wind_onshore_monopoly_DE,vul,0.0
ESP_9,wind_onshore_monopoly_ESP,co2,0.0001767239111292489
ESP_9,wind_onshore_monopoly_ESP,monetary,6.68347784733605e-05
ESP_9,wind_onshore_monopoly_ESP,vul,0.0
ESP_9,wind_onshore_monopoly_FR,co2,0.0003382602317116543
ESP_9,wind_onshore_monopoly_FR,monetary,0.0001279260673983436
ESP_9,wind_onshore_monopoly_FR,vul,0.0
ESP_9,wind_onshore_monopoly_IND,co2,0.0012103433585452718
ESP_9,wind_onshore_monopoly_IND,monetary,0.0004577428222396165
ESP_9,wind_onshore_monopoly_IND,vul,0.0
ESP_9,wind_onshore_monopoly_NDL,co2,0.000680693405622354
ESP_9,wind_onshore_monopoly_NDL,monetary,0.0012974488809931624
ESP_9,wind_onshore_monopoly_NDL,vul,0.0
ESP_9,wind_onshore_monopoly_PT,co2,0.00030766075276177784
ESP_9,wind_onshore_monopoly_PT,monetary,0.00011635010360956053
ESP_9,wind_onshore_monopoly_PT,vul,0.0
FRA_1,ESP_4_FRA_1_ac_ohl_mountain_transmission,monetary,117808.21917808219
FRA_1,ESP_4_FRA_1_dc_subsea_transmission,monetary,430136.98630136985
FRA_1,ESP_4_FRA_1_dc_underground_transmission,monetary,603310.502283105
FRA_1,ESP_5_FRA_1_ac_ohl_transmission,monetary,3995.4337899543375
FRA_2,ESP_6_FRA_2_ac_ohl_mountain_transmission,monetary,117808.21917808219
FRA_2,ESP_6_FRA_2_dc_underground_transmission,monetary,137899.54337899544
FRA_3,ESP_6_FRA_3_dc_subsea_transmission,monetary,150547.94520547945
FRA_3,ESP_9_MA_dc_subsea_transmission,monetary,0.0
PRT_1,ESP_1_PRT_1_ac_ohl_transmission,monetary,47945.20547945205
PRT_1,ESP_2_PRT_1_ac_ohl_transmission,monetary,37956.62100456621
PRT_1,PRT_1_PRT_2_ac_ohl_transmission,monetary,0.011584769420557361
PRT_2,ESP_8_PRT_2_ac_ohl_transmission,monetary,35958.904109589035
PRT_2,ESP_9_PRT_2_ac_ohl_transmission,monetary,19977.168949771687
PRT_2,PRT_1_PRT_2_ac_ohl_transmission,monetary,0.011584769420557361
Trade_Markets,Trade_Markets_ESP_10_natural_gas_transmission,monetary,0.0
Trade_Markets,Trade_Markets_ESP_11_natural_gas_transmission,monetary,0.0
Trade_Markets,Trade_Markets_ESP_11_oil_fuel_transmission,monetary,0.0
Trade_Markets,Trade_Markets_ESP_1_natural_gas_transmission,monetary,0.0
Trade_Markets,Trade_Markets_ESP_2_natural_gas_transmission,monetary,0.0
Trade_Markets,Trade_Markets_ESP_2_oil_fuel_transmission,monetary,0.0
Trade_Markets,Trade_Markets_ESP_3_natural_gas_transmission,monetary,0.0
Trade_Markets,Trade_Markets_ESP_4_natural_gas_transmission,monetary,0.0
Trade_Markets,Trade_Markets_ESP_5_natural_gas_transmission,monetary,0.0
Trade_Markets,Trade_Markets_ESP_6_natural_gas_transmission,monetary,0.0
Trade_Markets,Trade_Markets_ESP_6_oil_fuel_transmission,monetary,0.0
Trade_Markets,Trade_Markets_ESP_7_natural_gas_transmission,monetary,0.0
Trade_Markets,Trade_Markets_ESP_9_natural_gas_transmission,monetary,0.0
Trade_Markets,coal_AUS,co2,0.0
Trade_Markets,coal_AUS,monetary,0.0
Trade_Markets,coal_AUS,vul,0.0
Trade_Markets,coal_COL,co2,0.0
Trade_Markets,coal_COL,monetary,0.0
Trade_Markets,coal_COL,vul,0.0
Trade_Markets,coal_ITA,co2,0.0
Trade_Markets,coal_ITA,monetary,0.0
Trade_Markets,coal_ITA,vul,0.0
Trade_Markets,coal_RUS,co2,0.0
Trade_Markets,coal_RUS,monetary,0.0
Trade_Markets,coal_RUS,vul,0.0
Trade_Markets,coal_USA,co2,0.0
Trade_Markets,coal_USA,monetary,0.0
Trade_Markets,coal_USA,vul,0.0
Trade_Markets,natural_gas_DEU,co2,0.0
Trade_Markets,natural_gas_DEU,monetary,0.0
Trade_Markets,natural_gas_DEU,vul,0.0
Trade_Markets,natural_gas_DNK,co2,0.0
Trade_Markets,natural_gas_DNK,monetary,0.0
Trade_Markets,natural_gas_DNK,vul,0.0
Trade_Markets,natural_gas_DZA,co2,0.0
Trade_Markets,natural_gas_DZA,monetary,0.0
Trade_Markets,natural_gas_DZA,vul,0.0
Trade_Markets,natural_gas_NOR,co2,0.0
Trade_Markets,natural_gas_NOR,monetary,0.0
Trade_Markets,natural_gas_NOR,vul,0.0
Trade_Markets,natural_gas_PT,co2,0.0
Trade_Markets,natural_gas_PT,monetary,0.0
Trade_Markets,natural_gas_PT,vul,0.0
Trade_Markets,natural_gas_liquid_DZA,co2,0.0
Trade_Markets,natural_gas_liquid_DZA,monetary,0.0
Trade_Markets,natural_gas_liquid_DZA,vul,0.0
Trade_Markets,natural_gas_liquid_NGA,co2,0.0
Trade_Markets,natural_gas_liquid_NGA,monetary,0.0
Trade_Markets,natural_gas_liquid_NGA,vul,0.0
Trade_Markets,natural_gas_liquid_QAT,co2,0.0
Trade_Markets,natural_gas_liquid_QAT,monetary,0.0
Trade_Markets,natural_gas_liquid_QAT,vul,0.0
Trade_Markets,natural_gas_liquid_RUS,co2,0.0
Trade_Markets,natural_gas_liquid_RUS,monetary,0.0
Trade_Markets,natural_gas_liquid_RUS,vul,0.0
Trade_Markets,natural_gas_liquid_USA,co2,0.0
Trade_Markets,natural_gas_liquid_USA,monetary,0.0
Trade_Markets,natural_gas_liquid_USA,vul,0.0
Trade_Markets,oil_LBY,co2,0.0
Trade_Markets,oil_LBY,monetary,0.0
Trade_Markets,oil_LBY,vul,0.0
Trade_Markets,oil_MEX,co2,0.0
Trade_Markets,oil_MEX,monetary,0.0
Trade_Markets,oil_MEX,vul,0.0
Trade_Markets,oil_NGA,co2,0.0
Trade_Markets,oil_NGA,monetary,0.0
Trade_Markets,oil_NGA,vul,0.0
Trade_Markets,oil_SA,co2,0.0
Trade_Markets,oil_SA,monetary,0.0
Trade_Markets,oil_SA,vul,0.0
Trade_Markets,oil_USA,co2,0.0
Trade_Markets,oil_USA,monetary,0.0
Trade_Markets,oil_USA,vul,0.0
Trade_Markets,uranium_UK,co2,0.0
Trade_Markets,uranium_UK,monetary,0.0
Trade_Markets,uranium_UK,vul,0.0
Trade_Markets,uranium_USA,co2,0.0
Trade_Markets,uranium_USA,monetary,0.0
Trade_Markets,uranium_USA,vul,0.0
