nodes,techs,costs,cost
ESP_1,ESP_1_ESP_2_ac_ohl_transmission,monetary,287671.2328767123
ESP_1,ESP_1_PRT_1_ac_ohl_transmission,monetary,47945.20547945205
ESP_1,Trade_Markets_ESP_1_natural_gas_transmission,monetary,0.0
ESP_1,battery_CN,co2,0.01049880757773367
ESP_1,battery_CN,monetary,0.06863507275404383
ESP_1,battery_CN,vul,1.4308334017842696e-07
ESP_1,battery_CZ,co2,0.011542895559748564
ESP_1,battery_CZ,monetary,0.0649407455962128
ESP_1,battery_CZ,vul,0.0
ESP_1,battery_ESP,co2,0.0006584147987107928
ESP_1,battery_ESP,monetary,0.03367790751983188
ESP_1,battery_ESP,vul,0.0
ESP_1,battery_HU,co2,0.01223443198855382
ESP_1,battery_HU,monetary,0.06238948879617963
ESP_1,battery_HU,vul,0.0
ESP_1,battery_PL,co2,0.011652538570478037
ESP_1,battery_PL,monetary,0.06453759155049527
ESP_1,battery_PL,vul,0.0
ESP_1,battery_US,co2,0.01088581783150155
ESP_1,battery_US,monetary,0.06729400023730384
ESP_1,battery_US,vul,0.0
ESP_1,biogas_to_electricity_supply_BEL,co2,0.006755889468525683
ESP_1,biogas_to_electricity_supply_BEL,monetary,0.009144996102322757
ESP_1,biogas_to_electricity_supply_BEL,vul,0.0
ESP_1,biogas_to_electricity_supply_CAN,co2,0.007949245976465364
ESP_1,biogas_to_electricity_supply_CAN,monetary,0.003310411780095292
ESP_1,biogas_to_electricity_supply_CAN,vul,0.0
ESP_1,biogas_to_electricity_supply_FR,co2,0.008013921073782508
ESP_1,biogas_to_electricity_supply_FR,monetary,0.003294977035555086
ESP_1,biogas_to_electricity_supply_FR,vul,0.0
ESP_1,biogas_to_electricity_supply_FSM,co2,0.00798257341346629
ESP_1,biogas_to_electricity_supply_FSM,monetary,0.003544804510163543
ESP_1,biogas_to_electricity_supply_FSM,vul,0.0
ESP_1,biogas_to_electricity_supply_UK,co2,0.007830710296018364
ESP_1,biogas_to_electricity_supply_UK,monetary,0.003331886067754453
ESP_1,biogas_to_electricity_supply_UK,vul,0.0
ESP_1,biogas_to_electricity_supply_USA,co2,0.007748018766147681
ESP_1,biogas_to_electricity_supply_USA,monetary,0.0035308774576607175
ESP_1,biogas_to_electricity_supply_USA,vul,0.0
ESP_1,biomass_ESP,co2,0.0
ESP_1,biomass_ESP,monetary,0.0031646117930284935
ESP_1,biomass_ESP,vul,0.0
ESP_1,biomass_FR,co2,3.299763857024515e-07
ESP_1,biomass_FR,monetary,0.003165350782808809
ESP_1,biomass_FR,vul,0.0
ESP_1,biomass_IT,co2,9.981376505691155e-06
ESP_1,biomass_IT,monetary,0.003168331996486999
ESP_1,biomass_IT,vul,0.0
ESP_1,existing_biogas_to_electricity_supply,monetary,7325.6911879452055
ESP_1,existing_biomass,monetary,351297.5621917807
ESP_1,existing_ccgt,monetary,0.004396374458326151
ESP_1,existing_chp,monetary,1166038.381589041
ESP_1,existing_coal,monetary,0.0058482743389061615
ESP_1,existing_hydro_reservoir,monetary,0.010696507718526578
ESP_1,existing_hydro_run_of_river,monetary,966817.8082191779
ESP_1,existing_nuclear,monetary,0.0
ESP_1,existing_oil_and_other,monetary,0.0
ESP_1,existing_open_field_pv,monetary,6215.013698630137
ESP_1,existing_pumped_hydro,monetary,119703.97808219178
ESP_1,existing_rooftop_pv,monetary,297.39726027397256
ESP_1,existing_wind_onshore,monetary,1719730.8369863012
ESP_1,existing_wte,monetary,0.0030602201917345534
ESP_1,open_field_pv_CN,co2,0.0007910519683574272
ESP_1,open_field_pv_CN,monetary,0.002232519695443221
ESP_1,open_field_pv_CN,vul,0.0
ESP_1,open_field_pv_DE,co2,0.006180931259344621
ESP_1,open_field_pv_DE,monetary,0.013799419568632414
ESP_1,open_field_pv_DE,vul,0.0
ESP_1,open_field_pv_ESP,co2,0.0010546161395309907
ESP_1,open_field_pv_ESP,monetary,0.004268835955414773
ESP_1,open_field_pv_ESP,vul,0.0
ESP_1,open_field_pv_MY,co2,0.006191734431724393
ESP_1,open_field_pv_MY,monetary,0.012607375207399794
ESP_1,open_field_pv_MY,vul,0.0
ESP_1,open_field_pv_NL,co2,0.006263069678723482
ESP_1,open_field_pv_NL,monetary,0.01530052591119258
ESP_1,open_field_pv_NL,vul,0.0
ESP_1,open_field_pv_PT,co2,0.006517480523861789
ESP_1,open_field_pv_PT,monetary,0.010421038355315161
ESP_1,open_field_pv_PT,vul,0.0
ESP_1,pumped_hydro_CN,co2,0.19688831533709356
ESP_1,pumped_hydro_CN,monetary,2.9408663912948714
ESP_1,pumped_hydro_CN,vulnerability,1.686636342341151e-05
ESP_1,pumped_hydro_ESP,co2,4.897451483178292e-06
ESP_1,pumped_hydro_ESP,monetary,0.0031694216747977094
ESP_1,pumped_hydro_ESP,vul,0.0
ESP_1,roof_mounted_pv_CN,co2,0.0009184667533998569
ESP_1,roof_mounted_pv_CN,monetary,0.002213819286809519
ESP_1,roof_mounted_pv_CN,vul,0.0
ESP_1,roof_mounted_pv_DE,co2,0.0011602603094329647
ESP_1,roof_mounted_pv_DE,monetary,0.0022279953585558295
ESP_1,roof_mounted_pv_DE,vul,0.0
ESP_1,roof_mounted_pv_ESP,co2,0.000564366681672402
ESP_1,roof_mounted_pv_ESP,monetary,0.0021474610202407676
ESP_1,roof_mounted_pv_ESP,vul,0.0
ESP_1,roof_mounted_pv_MY,co2,0.0012692792923910622
ESP_1,roof_mounted_pv_MY,monetary,0.0022300194341311756
ESP_1,roof_mounted_pv_MY,vul,0.0
ESP_1,roof_mounted_pv_NL,co2,0.001065115171240905
ESP_1,roof_mounted_pv_NL,monetary,0.002231645905530439
ESP_1,roof_mounted_pv_NL,vul,0.0
ESP_1,roof_mounted_pv_PT,co2,0.0015982783754154989
ESP_1,roof_mounted_pv_PT,monetary,0.0022269302575635068
ESP_1,roof_mounted_pv_PT,vul,0.0
ESP_1,wind_offshore_CN,co2,0.0006406928881712774
ESP_1,wind_offshore_CN,monetary,0.004986070558372469
ESP_1,wind_offshore_CN,vul,0.0
ESP_1,wind_offshore_DE,co2,0.00023059165913700376
ESP_1,wind_offshore_DE,monetary,0.004990428440647822
ESP_1,wind_offshore_DE,vul,0.0
ESP_1,wind_offshore_ESP,co2,0.0005271247758475396
ESP_1,wind_offshore_ESP,monetary,0.00471413171966036
ESP_1,wind_offshore_ESP,vul,0.0
ESP_1,wind_offshore_FR,co2,0.00017526233746733416
ESP_1,wind_offshore_FR,monetary,0.004990165326455573
ESP_1,wind_offshore_FR,vul,0.0
ESP_1,wind_offshore_IND,co2,0.0006485248586377101
ESP_1,wind_offshore_IND,monetary,0.0049857068807034185
ESP_1,wind_offshore_IND,vul,0.0
ESP_1,wind_offshore_NDL,co2,9.070971367493241e-05
ESP_1,wind_offshore_NDL,monetary,0.004989913744385239
ESP_1,wind_offshore_NDL,vul,0.0
ESP_1,wind_offshore_PT,co2,0.00015920620156105496
ESP_1,wind_offshore_PT,monetary,0.004990087771578307
ESP_1,wind_offshore_PT,vul,0.0
ESP_1,wind_onshore_competing_CN,co2,0.0018181809879228843
ESP_1,wind_onshore_competing_CN,monetary,0.0075910461432940205
ESP_1,wind_onshore_competing_CN,vul,0.0
ESP_1,wind_onshore_competing_DE,co2,0.0006591628772764755
ESP_1,wind_onshore_competing_DE,monetary,0.007436906704703691
ESP_1,wind_onshore_competing_DE,vul,0.0
ESP_1,wind_onshore_competing_ESP,co2,0.0005063630587887423
ESP_1,wind_onshore_competing_ESP,monetary,0.004494314676838972
ESP_1,wind_onshore_competing_ESP,vul,0.0
ESP_1,wind_onshore_competing_FR,co2,0.0005024615190122069
ESP_1,wind_onshore_competing_FR,monetary,0.00742898993238598
ESP_1,wind_onshore_competing_FR,vul,0.0
ESP_1,wind_onshore_competing_IND,co2,0.0013761252325942385
ESP_1,wind_onshore_competing_IND,monetary,0.005678715053840428
ESP_1,wind_onshore_competing_IND,vul,0.0
ESP_1,wind_onshore_competing_NDL,co2,0.0002625759504405627
ESP_1,wind_onshore_competing_NDL,monetary,0.007455488208519381
ESP_1,wind_onshore_competing_NDL,vul,0.0
ESP_1,wind_onshore_competing_PT,co2,0.00045715695315650003
ESP_1,wind_onshore_competing_PT,monetary,0.0074322102871603795
ESP_1,wind_onshore_competing_PT,vul,0.0
ESP_1,wind_onshore_monopoly_CN,co2,0.001195198364300148
ESP_1,wind_onshore_monopoly_CN,monetary,0.004990045542252019
ESP_1,wind_onshore_monopoly_CN,vul,0.0
ESP_1,wind_onshore_monopoly_DE,co2,0.00044155353159156
ESP_1,wind_onshore_monopoly_DE,monetary,0.004981761765994494
ESP_1,wind_onshore_monopoly_DE,vul,0.0
ESP_1,wind_onshore_monopoly_ESP,co2,0.00017646196435014592
ESP_1,wind_onshore_monopoly_ESP,monetary,0.005010398295263849
ESP_1,wind_onshore_monopoly_ESP,vul,0.0
ESP_1,wind_onshore_monopoly_FR,co2,0.00033746587196357606
ESP_1,wind_onshore_monopoly_FR,monetary,0.0049894976440581044
ESP_1,wind_onshore_monopoly_FR,vul,0.0
ESP_1,wind_onshore_monopoly_IND,co2,0.0012090302753646142
ESP_1,wind_onshore_monopoly_IND,monetary,0.004989181407798727
ESP_1,wind_onshore_monopoly_IND,vul,0.0
ESP_1,wind_onshore_monopoly_NDL,co2,0.0006804943707379209
ESP_1,wind_onshore_monopoly_NDL,monetary,0.00487567469698834
ESP_1,wind_onshore_monopoly_NDL,vul,0.0
ESP_1,wind_onshore_monopoly_PT,co2,0.00030693426069114193
ESP_1,wind_onshore_monopoly_PT,monetary,0.00498997106801029
ESP_1,wind_onshore_monopoly_PT,vul,0.0
ESP_10,ESP_10_ESP_11_ac_ohl_transmission,monetary,127853.8812785388
ESP_10,ESP_8_ESP_10_ac_ohl_transmission,monetary,159817.3515981735
ESP_10,ESP_9_ESP_10_ac_ohl_transmission,monetary,323630.13698630134
ESP_10,Trade_Markets_ESP_10_natural_gas_transmission,monetary,0.0
ESP_10,battery_CN,co2,3655.9962517679523
ESP_10,battery_CN,monetary,24318.157739372997
ESP_10,battery_CN,vul,0.04982586370019838
ESP_10,battery_CZ,co2,0.1817923172815953
ESP_10,battery_CZ,monetary,1.0390745849515863
ESP_10,battery_CZ,vul,3.982132596197217e-07
ESP_10,battery_ESP,co2,0.001221951851024192
ESP_10,battery_ESP,monetary,0.06262590799560586
ESP_10,battery_ESP,vul,0.0
ESP_10,battery_HU,co2,0.10870633177772471
ESP_10,battery_HU,monetary,0.5631665360005851
ESP_10,battery_HU,vul,1.498747976136597e-07
ESP_10,battery_PL,co2,0.16483953998581588
ESP_10,battery_PL,monetary,0.9273618730022977
ESP_10,battery_PL,vul,2.1301685115548036e-07
ESP_10,battery_US,co2,0.5282164281969484
ESP_10,battery_US,monetary,3.3322370114378908
ESP_10,battery_US,vul,1.023873673574236e-06
ESP_10,biogas_to_electricity_supply_BEL,co2,0.01243119325395647
ESP_10,biogas_to_electricity_supply_BEL,monetary,0.016827275577002834
ESP_10,biogas_to_electricity_supply_BEL,vul,0.0
ESP_10,biogas_to_electricity_supply_CAN,co2,0.0080665875804597
ESP_10,biogas_to_electricity_supply_CAN,monetary,0.0033592779278164937
ESP_10,biogas_to_electricity_supply_CAN,vul,0.0
ESP_10,biogas_to_electricity_supply_FR,co2,0.00811626760801476
ESP_10,biogas_to_electricity_supply_FR,monetary,0.003337057494903153
ESP_10,biogas_to_electricity_supply_FR,vul,0.0
ESP_10,biogas_to_electricity_supply_FSM,co2,0.008188192525199103
ESP_10,biogas_to_electricity_supply_FSM,monetary,0.0036361133546793612
ESP_10,biogas_to_electricity_supply_FSM,vul,0.0
ESP_10,biogas_to_electricity_supply_UK,co2,0.007950622424452011
ESP_10,biogas_to_electricity_supply_UK,monetary,0.003382907435546083
ESP_10,biogas_to_electricity_supply_UK,vul,0.0
ESP_10,biogas_to_electricity_supply_USA,co2,0.007941473269428918
ESP_10,biogas_to_electricity_supply_USA,monetary,0.0036190373041111532
ESP_10,biogas_to_electricity_supply_USA,vul,0.0
ESP_10,biomass_ESP,co2,0.0
ESP_10,biomass_ESP,monetary,0.003194188771055622
ESP_10,biomass_ESP,vul,0.0
ESP_10,biomass_FR,co2,3.3239862897393096e-07
ESP_10,biomass_FR,monetary,0.00318858653532852
ESP_10,biomass_FR,vul,0.0
ESP_10,biomass_IT,co2,9.988097051638871e-06
ESP_10,biomass_IT,monetary,0.0031704652614477856
ESP_10,biomass_IT,vul,0.0
ESP_10,existing_biogas_to_electricity_supply,monetary,587.9868460273973
ESP_10,existing_biomass,monetary,28175.589917808215
ESP_10,existing_ccgt,monetary,0.004394292095472025
ESP_10,existing_chp,monetary,1894841.5035616437
ESP_10,existing_coal,monetary,0.0
ESP_10,existing_hydro_reservoir,monetary,0.0
ESP_10,existing_hydro_run_of_river,monetary,99328.76712328767
ESP_10,existing_nuclear,monetary,0.0
ESP_10,existing_oil_and_other,monetary,0.0
ESP_10,existing_open_field_pv,monetary,156750.24657534246
ESP_10,existing_pumped_hydro,monetary,0.0
ESP_10,existing_rooftop_pv,monetary,7508.136986301369
ESP_10,existing_wind_onshore,monetary,118047.6184109589
ESP_10,existing_wte,monetary,0.0032959937627257195
ESP_10,open_field_pv_CN,co2,0.0009375627655758309
ESP_10,open_field_pv_CN,monetary,0.002646004843662185
ESP_10,open_field_pv_CN,vul,0.0
ESP_10,open_field_pv_DE,co2,0.08363762147673896
ESP_10,open_field_pv_DE,monetary,0.18672762761033515
ESP_10,open_field_pv_DE,vul,0.0
ESP_10,open_field_pv_ESP,co2,0.0011543856612538294
ESP_10,open_field_pv_ESP,monetary,0.004672679311893648
ESP_10,open_field_pv_ESP,vul,0.0
ESP_10,open_field_pv_MY,co2,0.039149144040072435
ESP_10,open_field_pv_MY,monetary,0.07971400475977365
ESP_10,open_field_pv_MY,vul,0.0
ESP_10,open_field_pv_NL,co2,150444.45860448995
ESP_10,open_field_pv_NL,monetary,367532.1296349523
ESP_10,open_field_pv_NL,vul,0.024524322863230898
ESP_10,open_field_pv_PT,co2,0.017643886270880746
ESP_10,open_field_pv_PT,monetary,0.02821145608222242
ESP_10,open_field_pv_PT,vul,0.0
ESP_10,pumped_hydro_CN,co2,0.0
ESP_10,pumped_hydro_CN,monetary,0.0
ESP_10,pumped_hydro_CN,vulnerability,0.0
ESP_10,pumped_hydro_ESP,co2,0.0
ESP_10,pumped_hydro_ESP,monetary,0.0
ESP_10,pumped_hydro_ESP,vul,0.0
ESP_10,roof_mounted_pv_CN,co2,0.0010100407031306065
ESP_10,roof_mounted_pv_CN,monetary,0.0024345438534123126
ESP_10,roof_mounted_pv_CN,vul,0.0
ESP_10,roof_mounted_pv_DE,co2,0.0013098649576180129
ESP_10,roof_mounted_pv_DE,monetary,0.0025152743933248138
ESP_10,roof_mounted_pv_DE,vul,0.0
ESP_10,roof_mounted_pv_ESP,co2,0.0006204424423334494
ESP_10,roof_mounted_pv_ESP,monetary,0.0023608338399173385
ESP_10,roof_mounted_pv_ESP,vul,0.0
ESP_10,roof_mounted_pv_MY,co2,0.0014294888652692688
ESP_10,roof_mounted_pv_MY,monetary,0.002511494491034713
ESP_10,roof_mounted_pv_MY,vul,0.0
ESP_10,roof_mounted_pv_NL,co2,0.0012027562084286165
ESP_10,roof_mounted_pv_NL,monetary,0.002520033551642978
ESP_10,roof_mounted_pv_NL,vul,0.0
ESP_10,roof_mounted_pv_PT,co2,0.0017912118687285355
ESP_10,roof_mounted_pv_PT,monetary,0.0024957504083989537
ESP_10,roof_mounted_pv_PT,vul,0.0
ESP_10,wind_offshore_CN,co2,0.000664346947095173
ESP_10,wind_offshore_CN,monetary,0.005170153773535168
ESP_10,wind_offshore_CN,vul,0.0
ESP_10,wind_offshore_DE,co2,0.00024043687161123773
ESP_10,wind_offshore_DE,monetary,0.005203496981459382
ESP_10,wind_offshore_DE,vul,0.0
ESP_10,wind_offshore_ESP,co2,0.0005197506049999719
ESP_10,wind_offshore_ESP,monetary,0.004648183742461185
ESP_10,wind_offshore_ESP,vul,0.0
ESP_10,wind_offshore_FR,co2,0.00018295469154159556
ESP_10,wind_offshore_FR,monetary,0.005209186247521133
ESP_10,wind_offshore_FR,vul,0.0
ESP_10,wind_offshore_IND,co2,0.0006724568007267841
ESP_10,wind_offshore_IND,monetary,0.00516969003378213
ESP_10,wind_offshore_IND,vul,0.0
ESP_10,wind_offshore_NDL,co2,9.471987904137018e-05
ESP_10,wind_offshore_NDL,monetary,0.005210511720815357
ESP_10,wind_offshore_NDL,vul,0.0
ESP_10,wind_offshore_PT,co2,0.00016625237874361536
ESP_10,wind_offshore_PT,monetary,0.005210939988704942
ESP_10,wind_offshore_PT,vul,0.0
ESP_10,wind_onshore_competing_CN,co2,0.001457198917385408
ESP_10,wind_onshore_competing_CN,monetary,0.006083918100181943
ESP_10,wind_onshore_competing_CN,vul,0.0
ESP_10,wind_onshore_competing_DE,co2,0.0005472274587299126
ESP_10,wind_onshore_competing_DE,monetary,0.006174012064577306
ESP_10,wind_onshore_competing_DE,vul,0.0
ESP_10,wind_onshore_competing_ESP,co2,0.0005137539883287274
ESP_10,wind_onshore_competing_ESP,monetary,0.004559914176112272
ESP_10,wind_onshore_competing_ESP,vul,0.0
ESP_10,wind_onshore_competing_FR,co2,0.00041845127894196883
ESP_10,wind_onshore_competing_FR,monetary,0.006186882419504052
ESP_10,wind_onshore_competing_FR,vul,0.0
ESP_10,wind_onshore_competing_IND,co2,0.001345845915623051
ESP_10,wind_onshore_competing_IND,monetary,0.0055537644977197926
ESP_10,wind_onshore_competing_IND,vul,0.0
ESP_10,wind_onshore_competing_NDL,co2,0.00021837744067982346
ESP_10,wind_onshore_competing_NDL,monetary,0.006200531432004117
ESP_10,wind_onshore_competing_NDL,vul,0.0
ESP_10,wind_onshore_competing_PT,co2,0.0003807919443177584
ESP_10,wind_onshore_competing_PT,monetary,0.0061907093095386
ESP_10,wind_onshore_competing_PT,vul,0.0
ESP_10,wind_onshore_monopoly_CN,co2,0.0012313469477277707
ESP_10,wind_onshore_monopoly_CN,monetary,0.00514096867181751
ESP_10,wind_onshore_monopoly_CN,vul,0.0
ESP_10,wind_onshore_monopoly_DE,co2,0.00045739318560954976
ESP_10,wind_onshore_monopoly_DE,monetary,0.005160470296507152
ESP_10,wind_onshore_monopoly_DE,vul,0.0
ESP_10,wind_onshore_monopoly_ESP,co2,0.00018243876841078188
ESP_10,wind_onshore_monopoly_ESP,monetary,0.00518010154540514
ESP_10,wind_onshore_monopoly_ESP,vul,0.0
ESP_10,wind_onshore_monopoly_FR,co2,0.00034906913017812514
ESP_10,wind_onshore_monopoly_FR,monetary,0.00516105404230373
ESP_10,wind_onshore_monopoly_FR,vul,0.0
ESP_10,wind_onshore_monopoly_IND,co2,0.001245796435480341
ESP_10,wind_onshore_monopoly_IND,monetary,0.005140900555137874
ESP_10,wind_onshore_monopoly_IND,vul,0.0
ESP_10,wind_onshore_monopoly_NDL,co2,0.0006962148771657696
ESP_10,wind_onshore_monopoly_NDL,monetary,0.0049883105668941975
ESP_10,wind_onshore_monopoly_NDL,vul,0.0
ESP_10,wind_onshore_monopoly_PT,co2,0.0003175949583439635
ESP_10,wind_onshore_monopoly_PT,monetary,0.005163286919856217
ESP_10,wind_onshore_monopoly_PT,vul,0.0
ESP_11,ESP_10_ESP_11_ac_ohl_transmission,monetary,127853.8812785388
ESP_11,ESP_3_ESP_11_ac_ohl_transmission,monetary,107876.71232876711
ESP_11,ESP_5_ESP_11_ac_ohl_transmission,monetary,227739.72602739724
ESP_11,ESP_6_ESP_11_ac_ohl_transmission,monetary,43949.77168949771
ESP_11,ESP_7_ESP_11_ac_ohl_transmission,monetary,83904.1095890411
ESP_11,Trade_Markets_ESP_11_natural_gas_transmission,monetary,0.0
ESP_11,Trade_Markets_ESP_11_oil_fuel_transmission,monetary,0.0
ESP_11,battery_CN,co2,0.0011172923589322801
ESP_11,battery_CN,monetary,0.009325710345130758
ESP_11,battery_CN,vul,0.0
ESP_11,battery_CZ,co2,0.0013086111680236624
ESP_11,battery_CZ,monetary,0.009384865309656262
ESP_11,battery_CZ,vul,0.0
ESP_11,battery_ESP,co2,0.00013543093712185095
ESP_11,battery_ESP,monetary,0.00902167508029278
ESP_11,battery_ESP,vul,0.0
ESP_11,battery_HU,co2,0.0014201447771789151
ESP_11,battery_HU,monetary,0.009286478340265459
ESP_11,battery_HU,vul,0.0
ESP_11,battery_PL,co2,0.001308381372827563
ESP_11,battery_PL,monetary,0.009286408713771468
ESP_11,battery_PL,vul,0.0
ESP_11,battery_US,co2,0.0011849745737071637
ESP_11,battery_US,monetary,0.009347456317937248
ESP_11,battery_US,vul,0.0
ESP_11,biogas_to_electricity_supply_BEL,co2,0.01067317360578906
ESP_11,biogas_to_electricity_supply_BEL,monetary,0.014447561861259312
ESP_11,biogas_to_electricity_supply_BEL,vul,0.0
ESP_11,biogas_to_electricity_supply_CAN,co2,0.007995375242936087
ESP_11,biogas_to_electricity_supply_CAN,monetary,0.003329622013063795
ESP_11,biogas_to_electricity_supply_CAN,vul,0.0
ESP_11,biogas_to_electricity_supply_FR,co2,0.008056265298203703
ESP_11,biogas_to_electricity_supply_FR,monetary,0.003312387145508961
ESP_11,biogas_to_electricity_supply_FR,vul,0.0
ESP_11,biogas_to_electricity_supply_FSM,co2,0.00803626386769403
ESP_11,biogas_to_electricity_supply_FSM,monetary,0.0035686467167354427
ESP_11,biogas_to_electricity_supply_FSM,vul,0.0
ESP_11,biogas_to_electricity_supply_UK,co2,0.007858254782450856
ESP_11,biogas_to_electricity_supply_UK,monetary,0.0033436059612403017
ESP_11,biogas_to_electricity_supply_UK,vul,0.0
ESP_11,biogas_to_electricity_supply_USA,co2,0.007799980408255669
ESP_11,biogas_to_electricity_supply_USA,monetary,0.0035545570841974705
ESP_11,biogas_to_electricity_supply_USA,vul,0.0
ESP_11,biomass_ESP,co2,0.0
ESP_11,biomass_ESP,monetary,0.0031778355156283143
ESP_11,biomass_ESP,vul,0.0
ESP_11,biomass_FR,co2,3.3200474228634627e-07
ESP_11,biomass_FR,monetary,0.0031848081148447937
ESP_11,biomass_FR,vul,0.0
ESP_11,biomass_IT,co2,1.0023707838869972e-05
ESP_11,biomass_IT,monetary,0.0031817689926055127
ESP_11,biomass_IT,vul,0.0
ESP_11,existing_biogas_to_electricity_supply,monetary,977.1375605479452
ESP_11,existing_biomass,monetary,46839.6749589041
ESP_11,existing_ccgt,monetary,0.004377670148073897
ESP_11,existing_chp,monetary,1703708.398268493
ESP_11,existing_coal,monetary,0.0
ESP_11,existing_hydro_reservoir,monetary,0.006702206699822258
ESP_11,existing_hydro_run_of_river,monetary,219452.05479452052
ESP_11,existing_nuclear,monetary,4437416.82410959
ESP_11,existing_oil_and_other,monetary,0.007454351142427051
ESP_11,existing_open_field_pv,monetary,124643.06849315067
ESP_11,existing_pumped_hydro,monetary,344090.66986301367
ESP_11,existing_rooftop_pv,monetary,5970.821917808219
ESP_11,existing_wind_onshore,monetary,536042.6378082192
ESP_11,existing_wte,monetary,0.0030917583258426072
ESP_11,open_field_pv_CN,co2,0.0009167568429257685
ESP_11,open_field_pv_CN,monetary,0.0025872860313007383
ESP_11,open_field_pv_CN,vul,0.0
ESP_11,open_field_pv_DE,co2,0.061772183800317924
ESP_11,open_field_pv_DE,monetary,0.13791130270904348
ESP_11,open_field_pv_DE,vul,0.0
ESP_11,open_field_pv_ESP,co2,0.0010662497412373218
ESP_11,open_field_pv_ESP,monetary,0.004315926015383935
ESP_11,open_field_pv_ESP,vul,0.0
ESP_11,open_field_pv_MY,co2,0.028672916667047965
ESP_11,open_field_pv_MY,monetary,0.05838270725240167
ESP_11,open_field_pv_MY,vul,0.0
ESP_11,open_field_pv_NL,co2,242062.8199092593
ESP_11,open_field_pv_NL,monetary,591353.5435730356
ESP_11,open_field_pv_NL,vul,0.039459258278467566
ESP_11,open_field_pv_PT,co2,0.013194952944581458
ESP_11,open_field_pv_PT,monetary,0.021097893615274893
ESP_11,open_field_pv_PT,vul,0.0
ESP_11,pumped_hydro_CN,co2,0.0005750971877030401
ESP_11,pumped_hydro_CN,monetary,0.008590067867401945
ESP_11,pumped_hydro_CN,vulnerability,0.0
ESP_11,pumped_hydro_ESP,co2,5.2964278240965185e-06
ESP_11,pumped_hydro_ESP,monetary,0.0034276221423227234
ESP_11,pumped_hydro_ESP,vul,0.0
ESP_11,roof_mounted_pv_CN,co2,0.001062288623186606
ESP_11,roof_mounted_pv_CN,monetary,0.0025604792263449654
ESP_11,roof_mounted_pv_CN,vul,0.0
ESP_11,roof_mounted_pv_DE,co2,0.0013706189547233218
ESP_11,roof_mounted_pv_DE,monetary,0.0026319375442262647
ESP_11,roof_mounted_pv_DE,vul,0.0
ESP_11,roof_mounted_pv_ESP,co2,0.000631278748151493
ESP_11,roof_mounted_pv_ESP,monetary,0.002402066862885134
ESP_11,roof_mounted_pv_ESP,vul,0.0
ESP_11,roof_mounted_pv_MY,co2,0.0014949723291728114
ESP_11,roof_mounted_pv_MY,monetary,0.0026265435570633866
ESP_11,roof_mounted_pv_MY,vul,0.0
ESP_11,roof_mounted_pv_NL,co2,0.0012578795048867593
ESP_11,roof_mounted_pv_NL,monetary,0.0026355287414230994
ESP_11,roof_mounted_pv_NL,vul,0.0
ESP_11,roof_mounted_pv_PT,co2,0.0018675272258074497
ESP_11,roof_mounted_pv_PT,monetary,0.0026020829349537324
ESP_11,roof_mounted_pv_PT,vul,0.0
ESP_11,wind_offshore_CN,co2,0.0006493419584942323
ESP_11,wind_offshore_CN,monetary,0.005053380303323235
ESP_11,wind_offshore_CN,vul,0.0
ESP_11,wind_offshore_DE,co2,0.00023437151504005461
ESP_11,wind_offshore_DE,monetary,0.005072231487951144
ESP_11,wind_offshore_DE,vul,0.0
ESP_11,wind_offshore_ESP,co2,0.0005175027567067933
ESP_11,wind_offshore_ESP,monetary,0.004628081001278475
ESP_11,wind_offshore_ESP,vul,0.0
ESP_11,wind_offshore_FR,co2,0.00017820710698299763
ESP_11,wind_offshore_FR,monetary,0.005074010418012714
ESP_11,wind_offshore_FR,vul,0.0
ESP_11,wind_offshore_IND,co2,0.0006572769202381472
ESP_11,wind_offshore_IND,monetary,0.005052990675858625
ESP_11,wind_offshore_IND,vul,0.0
ESP_11,wind_offshore_NDL,co2,9.229529964417962e-05
ESP_11,wind_offshore_NDL,monetary,0.005077136346026385
ESP_11,wind_offshore_NDL,vul,0.0
ESP_11,wind_offshore_PT,co2,0.00016189786695975183
ESP_11,wind_offshore_PT,monetary,0.005074454124518816
ESP_11,wind_offshore_PT,vul,0.0
ESP_11,wind_onshore_competing_CN,co2,0.00162909274044685
ESP_11,wind_onshore_competing_CN,monetary,0.006801588096334146
ESP_11,wind_onshore_competing_CN,vul,0.0
ESP_11,wind_onshore_competing_DE,co2,0.0006260569402150129
ESP_11,wind_onshore_competing_DE,monetary,0.0070633939147917955
ESP_11,wind_onshore_competing_DE,vul,0.0
ESP_11,wind_onshore_competing_ESP,co2,0.0005149398951310589
ESP_11,wind_onshore_competing_ESP,monetary,0.004570439901191489
ESP_11,wind_onshore_competing_ESP,vul,0.0
ESP_11,wind_onshore_competing_FR,co2,0.0004803052238928739
ESP_11,wind_onshore_competing_FR,monetary,0.007101404859395548
ESP_11,wind_onshore_competing_FR,vul,0.0
ESP_11,wind_onshore_competing_IND,co2,0.0014659741402970427
ESP_11,wind_onshore_competing_IND,monetary,0.006049485338882849
ESP_11,wind_onshore_competing_IND,vul,0.0
ESP_11,wind_onshore_competing_NDL,co2,0.0002522164363347517
ESP_11,wind_onshore_competing_NDL,monetary,0.007161343847117375
ESP_11,wind_onshore_competing_NDL,vul,0.0
ESP_11,wind_onshore_competing_PT,co2,0.00043750008135622564
ESP_11,wind_onshore_competing_PT,monetary,0.007112639505618795
ESP_11,wind_onshore_competing_PT,vul,0.0
ESP_11,wind_onshore_monopoly_CN,co2,0.0013335246773683257
ESP_11,wind_onshore_monopoly_CN,monetary,0.005567568589906287
ESP_11,wind_onshore_monopoly_CN,vul,0.0
ESP_11,wind_onshore_monopoly_DE,co2,0.000497596929448235
ESP_11,wind_onshore_monopoly_DE,monetary,0.005614063031194334
ESP_11,wind_onshore_monopoly_DE,vul,0.0
ESP_11,wind_onshore_monopoly_ESP,co2,0.00019974630969343886
ESP_11,wind_onshore_monopoly_ESP,monetary,0.005671525720904871
ESP_11,wind_onshore_monopoly_ESP,vul,0.0
ESP_11,wind_onshore_monopoly_FR,co2,0.00038038091137363415
ESP_11,wind_onshore_monopoly_FR,monetary,0.005624004732983105
ESP_11,wind_onshore_monopoly_FR,vul,0.0
ESP_11,wind_onshore_monopoly_IND,co2,0.0013489641337776227
ESP_11,wind_onshore_monopoly_IND,monetary,0.005566632129208639
ESP_11,wind_onshore_monopoly_IND,vul,0.0
ESP_11,wind_onshore_monopoly_NDL,co2,0.0007373043812843192
ESP_11,wind_onshore_monopoly_NDL,monetary,0.005282712789979988
ESP_11,wind_onshore_monopoly_NDL,vul,0.0
ESP_11,wind_onshore_monopoly_PT,co2,0.00034611772715741155
ESP_11,wind_onshore_monopoly_PT,monetary,0.005626994655962848
ESP_11,wind_onshore_monopoly_PT,vul,0.0
ESP_2,ESP_1_ESP_2_ac_ohl_transmission,monetary,287671.2328767123
ESP_2,ESP_2_ESP_3_ac_ohl_transmission,monetary,763127.8538812784
ESP_2,ESP_2_ESP_4_ac_ohl_transmission,monetary,95890.4109589041
ESP_2,ESP_2_ESP_8_techs_ac_ohl_transmission,monetary,95890.4109589041
ESP_2,ESP_2_PRT_1_ac_ohl_transmission,monetary,37956.62100456621
ESP_2,ESP_3_ESP_7_ac_ohl_transmission,monetary,407534.24657534243
ESP_2,Trade_Markets_ESP_2_natural_gas_transmission,monetary,0.0
ESP_2,Trade_Markets_ESP_2_oil_fuel_transmission,monetary,0.0
ESP_2,battery_CN,co2,0.005224015436597933
ESP_2,battery_CN,monetary,0.03324465031011922
ESP_2,battery_CN,vul,0.0
ESP_2,battery_CZ,co2,0.00584205853322036
ESP_2,battery_CZ,monetary,0.03206617537446861
ESP_2,battery_CZ,vul,0.0
ESP_2,battery_ESP,co2,0.00040508607255189123
ESP_2,battery_ESP,monetary,0.021109300252544975
ESP_2,battery_ESP,vul,0.0
ESP_2,battery_HU,co2,0.006310129319598954
ESP_2,battery_HU,monetary,0.03142322062386197
ESP_2,battery_HU,vul,0.0
ESP_2,battery_PL,co2,0.005921352328179605
ESP_2,battery_PL,monetary,0.03199887557485727
ESP_2,battery_PL,vul,0.0
ESP_2,battery_US,co2,0.005499499347770678
ESP_2,battery_US,monetary,0.0331051233826984
ESP_2,battery_US,vul,0.0
ESP_2,biogas_to_electricity_supply_BEL,co2,0.007098755446215554
ESP_2,biogas_to_electricity_supply_BEL,monetary,0.009609110863850554
ESP_2,biogas_to_electricity_supply_BEL,vul,0.0
ESP_2,biogas_to_electricity_supply_CAN,co2,0.007914737286541277
ESP_2,biogas_to_electricity_supply_CAN,monetary,0.0032960408606422303
ESP_2,biogas_to_electricity_supply_CAN,vul,0.0
ESP_2,biogas_to_electricity_supply_FR,co2,0.007983330445381104
ESP_2,biogas_to_electricity_supply_FR,monetary,0.003282399494903285
ESP_2,biogas_to_electricity_supply_FR,vul,0.0
ESP_2,biogas_to_electricity_supply_FSM,co2,0.007946716007838481
ESP_2,biogas_to_electricity_supply_FSM,monetary,0.003528881387805808
ESP_2,biogas_to_electricity_supply_FSM,vul,0.0
ESP_2,biogas_to_electricity_supply_UK,co2,0.007768868139223662
ESP_2,biogas_to_electricity_supply_UK,monetary,0.0033055728710155927
ESP_2,biogas_to_electricity_supply_UK,vul,0.0
ESP_2,biogas_to_electricity_supply_USA,co2,0.00771323155154781
ESP_2,biogas_to_electricity_supply_USA,monetary,0.003515024451162831
ESP_2,biogas_to_electricity_supply_USA,vul,0.0
ESP_2,biomass_ESP,co2,0.0
ESP_2,biomass_ESP,monetary,0.003142687537565167
ESP_2,biomass_ESP,vul,0.0
ESP_2,biomass_FR,co2,3.2828145585352324e-07
ESP_2,biomass_FR,monetary,0.0031490918995778464
ESP_2,biomass_FR,vul,0.0
ESP_2,biomass_IT,co2,9.919431097248685e-06
ESP_2,biomass_IT,monetary,0.0031486690151845877
ESP_2,biomass_IT,vul,0.0
ESP_2,existing_biogas_to_electricity_supply,monetary,4439.726764931507
ESP_2,existing_biomass,monetary,212932.08558904106
ESP_2,existing_ccgt,monetary,0.004442292421579956
ESP_2,existing_chp,monetary,0.0
ESP_2,existing_coal,monetary,0.005866262842615623
ESP_2,existing_hydro_reservoir,monetary,136527.2151717135
ESP_2,existing_hydro_run_of_river,monetary,199726.02739726027
ESP_2,existing_nuclear,monetary,1898896.089863014
ESP_2,existing_oil_and_other,monetary,0.009428956238977531
ESP_2,existing_open_field_pv,monetary,177724.05479452055
ESP_2,existing_pumped_hydro,monetary,288538.79452054796
ESP_2,existing_rooftop_pv,monetary,8510.13698630137
ESP_2,existing_wind_onshore,monetary,2518177.136575342
ESP_2,existing_wte,monetary,0.0032755933313731497
ESP_2,open_field_pv_CN,co2,0.0008600608060800038
ESP_2,open_field_pv_CN,monetary,0.0024272775565420323
ESP_2,open_field_pv_CN,vul,0.0
ESP_2,open_field_pv_DE,co2,0.004861451166629217
ESP_2,open_field_pv_DE,monetary,0.010853575544835826
ESP_2,open_field_pv_DE,vul,0.0
ESP_2,open_field_pv_ESP,co2,0.0010390378000387872
ESP_2,open_field_pv_ESP,monetary,0.004205778532664206
ESP_2,open_field_pv_ESP,vul,0.0
ESP_2,open_field_pv_MY,co2,0.0049441766708049175
ESP_2,open_field_pv_MY,monetary,0.01006714533186958
ESP_2,open_field_pv_MY,vul,0.0
ESP_2,open_field_pv_NL,co2,0.004896803477040841
ESP_2,open_field_pv_NL,monetary,0.01196277102536595
ESP_2,open_field_pv_NL,vul,0.0
ESP_2,open_field_pv_PT,co2,0.005522655399479166
ESP_2,open_field_pv_PT,monetary,0.008830376021907883
ESP_2,open_field_pv_PT,vul,0.0
ESP_2,pumped_hydro_CN,co2,0.002815680933929241
ESP_2,pumped_hydro_CN,monetary,0.04205704849993308
ESP_2,pumped_hydro_CN,vulnerability,2.412042473658882e-07
ESP_2,pumped_hydro_ESP,co2,4.877809495794048e-06
ESP_2,pumped_hydro_ESP,monetary,0.003156710218489147
ESP_2,pumped_hydro_ESP,vul,0.0
ESP_2,roof_mounted_pv_CN,co2,0.0009598101831219565
ESP_2,roof_mounted_pv_CN,monetary,0.0023134711051936204
ESP_2,roof_mounted_pv_CN,vul,0.0
ESP_2,roof_mounted_pv_DE,co2,0.0012186009862028423
ESP_2,roof_mounted_pv_DE,monetary,0.002340024319644585
ESP_2,roof_mounted_pv_DE,vul,0.0
ESP_2,roof_mounted_pv_ESP,co2,0.0005921984564502013
ESP_2,roof_mounted_pv_ESP,monetary,0.002253363181726157
ESP_2,roof_mounted_pv_ESP,vul,0.0
ESP_2,roof_mounted_pv_MY,co2,0.001331742755014207
ESP_2,roof_mounted_pv_MY,monetary,0.002339762606030196
ESP_2,roof_mounted_pv_MY,vul,0.0
ESP_2,roof_mounted_pv_NL,co2,0.0011181459104480562
ESP_2,roof_mounted_pv_NL,monetary,0.0023427567367478863
ESP_2,roof_mounted_pv_NL,vul,0.0
ESP_2,roof_mounted_pv_PT,co2,0.001674580081033319
ESP_2,roof_mounted_pv_PT,monetary,0.0023332437631190415
ESP_2,roof_mounted_pv_PT,vul,0.0
ESP_2,wind_offshore_CN,co2,0.0006272329512080552
ESP_2,wind_offshore_CN,monetary,0.004881321158700765
ESP_2,wind_offshore_CN,vul,0.0
ESP_2,wind_offshore_DE,co2,0.00022619812713691186
ESP_2,wind_offshore_DE,monetary,0.004895344311715266
ESP_2,wind_offshore_DE,vul,0.0
ESP_2,wind_offshore_ESP,co2,0.0005160237808187708
ESP_2,wind_offshore_ESP,monetary,0.004614854366019053
ESP_2,wind_offshore_ESP,vul,0.0
ESP_2,wind_offshore_FR,co2,0.00017192942810320298
ESP_2,wind_offshore_FR,monetary,0.004895268904409357
ESP_2,wind_offshore_FR,vul,0.0
ESP_2,wind_offshore_IND,co2,0.0006349135939669273
ESP_2,wind_offshore_IND,monetary,0.0048810666729760714
ESP_2,wind_offshore_IND,vul,0.0
ESP_2,wind_offshore_NDL,co2,8.9011151013296e-05
ESP_2,wind_offshore_NDL,monetary,0.004896476329276945
ESP_2,wind_offshore_NDL,vul,0.0
ESP_2,wind_offshore_PT,co2,0.00015618214297725104
ESP_2,wind_offshore_PT,monetary,0.004895303035735029
ESP_2,wind_offshore_PT,vul,0.0
ESP_2,wind_onshore_competing_CN,co2,0.0014144733363634632
ESP_2,wind_onshore_competing_CN,monetary,0.005905535497354735
ESP_2,wind_onshore_competing_CN,vul,0.0
ESP_2,wind_onshore_competing_DE,co2,0.0005288422617941406
ESP_2,wind_onshore_competing_DE,monetary,0.005966583826318689
ESP_2,wind_onshore_competing_DE,vul,0.0
ESP_2,wind_onshore_competing_ESP,co2,0.0005158304179267028
ESP_2,wind_onshore_competing_ESP,monetary,0.0045783438933983765
ESP_2,wind_onshore_competing_ESP,vul,0.0
ESP_2,wind_onshore_competing_FR,co2,0.0004041554208548717
ESP_2,wind_onshore_competing_FR,monetary,0.005975515415693192
ESP_2,wind_onshore_competing_FR,vul,0.0
ESP_2,wind_onshore_competing_IND,co2,0.0013094879420586885
ESP_2,wind_onshore_competing_IND,monetary,0.0054037297720154675
ESP_2,wind_onshore_competing_IND,vul,0.0
ESP_2,wind_onshore_competing_NDL,co2,0.00020996088994252376
ESP_2,wind_onshore_competing_NDL,monetary,0.005961554881893344
ESP_2,wind_onshore_competing_NDL,vul,0.0
ESP_2,wind_onshore_competing_PT,co2,0.0003677305771334685
ESP_2,wind_onshore_competing_PT,monetary,0.005978364671923022
ESP_2,wind_onshore_competing_PT,vul,0.0
ESP_2,wind_onshore_monopoly_CN,co2,0.001163054718938544
ESP_2,wind_onshore_monopoly_CN,monetary,0.0048558433386351125
ESP_2,wind_onshore_monopoly_CN,vul,0.0
ESP_2,wind_onshore_monopoly_DE,co2,0.00042983774971893984
ESP_2,wind_onshore_monopoly_DE,monetary,0.004849580206985384
ESP_2,wind_onshore_monopoly_DE,vul,0.0
ESP_2,wind_onshore_monopoly_ESP,co2,0.00017154505251829939
ESP_2,wind_onshore_monopoly_ESP,monetary,0.004870789248345597
ESP_2,wind_onshore_monopoly_ESP,vul,0.0
ESP_2,wind_onshore_monopoly_FR,co2,0.0003279748197990424
ESP_2,wind_onshore_monopoly_FR,monetary,0.0048491706173901025
ESP_2,wind_onshore_monopoly_FR,vul,0.0
ESP_2,wind_onshore_monopoly_IND,co2,0.0011768180949773687
ESP_2,wind_onshore_monopoly_IND,monetary,0.004856254702183983
ESP_2,wind_onshore_monopoly_IND,vul,0.0
ESP_2,wind_onshore_monopoly_NDL,co2,0.0006672383936828392
ESP_2,wind_onshore_monopoly_NDL,monetary,0.0047806969356863115
ESP_2,wind_onshore_monopoly_NDL,vul,0.0
ESP_2,wind_onshore_monopoly_PT,co2,0.00029835426272998785
ESP_2,wind_onshore_monopoly_PT,monetary,0.004850482105476947
ESP_2,wind_onshore_monopoly_PT,vul,0.0
ESP_3,ESP_2_ESP_3_ac_ohl_transmission,monetary,763127.8538812784
ESP_3,ESP_3_ESP_11_ac_ohl_transmission,monetary,107876.71232876711
ESP_3,ESP_3_ESP_4_ac_ohl_transmission,monetary,283675.799086758
ESP_3,ESP_3_ESP_5_ac_ohl_transmission,monetary,155821.91780821915
ESP_3,Trade_Markets_ESP_3_natural_gas_transmission,monetary,0.0
ESP_3,battery_CN,co2,0.008642830612163881
ESP_3,battery_CN,monetary,0.054372911628706395
ESP_3,battery_CN,vul,1.1778909780263976e-07
ESP_3,battery_CZ,co2,0.009247561443139473
ESP_3,battery_CZ,monetary,0.05021373885628436
ESP_3,battery_CZ,vul,0.0
ESP_3,battery_ESP,co2,0.0005030994321319684
ESP_3,battery_ESP,monetary,0.025765987540302425
ESP_3,battery_ESP,vul,0.0
ESP_3,battery_HU,co2,0.009690853468254752
ESP_3,battery_HU,monetary,0.04778188104058355
ESP_3,battery_HU,vul,0.0
ESP_3,battery_PL,co2,0.009318739658933832
ESP_3,battery_PL,monetary,0.04982665216562383
ESP_3,battery_PL,vul,0.0
ESP_3,battery_US,co2,0.00881493791672555
ESP_3,battery_US,monetary,0.05250691266212363
ESP_3,battery_US,vul,0.0
ESP_3,biogas_to_electricity_supply_BEL,co2,0.012392646901863149
ESP_3,biogas_to_electricity_supply_BEL,monetary,0.0167750979560849
ESP_3,biogas_to_electricity_supply_BEL,vul,0.0
ESP_3,biogas_to_electricity_supply_CAN,co2,0.00801224311972553
ESP_3,biogas_to_electricity_supply_CAN,monetary,0.0033366465306336737
ESP_3,biogas_to_electricity_supply_CAN,vul,0.0
ESP_3,biogas_to_electricity_supply_FR,co2,0.00806665276748276
ESP_3,biogas_to_electricity_supply_FR,monetary,0.0033166580227009016
ESP_3,biogas_to_electricity_supply_FR,vul,0.0
ESP_3,biogas_to_electricity_supply_FSM,co2,0.008091655030452543
ESP_3,biogas_to_electricity_supply_FSM,monetary,0.0035932441533513522
ESP_3,biogas_to_electricity_supply_FSM,vul,0.0
ESP_3,biogas_to_electricity_supply_UK,co2,0.007886316570768164
ESP_3,biogas_to_electricity_supply_UK,monetary,0.0033555459613164454
ESP_3,biogas_to_electricity_supply_UK,vul,0.0
ESP_3,biogas_to_electricity_supply_USA,co2,0.007850344582056345
ESP_3,biogas_to_electricity_supply_USA,monetary,0.0035775087227148525
ESP_3,biogas_to_electricity_supply_USA,vul,0.0
ESP_3,biomass_ESP,co2,0.0
ESP_3,biomass_ESP,monetary,0.003181997350354194
ESP_3,biomass_ESP,vul,0.0
ESP_3,biomass_FR,co2,3.3233476289592425e-07
ESP_3,biomass_FR,monetary,0.003187973889852138
ESP_3,biomass_FR,vul,0.0
ESP_3,biomass_IT,co2,1.0029960843716906e-05
ESP_3,biomass_IT,monetary,0.0031837538486340815
ESP_3,biomass_IT,vul,0.0
ESP_3,existing_biogas_to_electricity_supply,monetary,326.6593589041096
ESP_3,existing_biomass,monetary,15658.090575342463
ESP_3,existing_ccgt,monetary,0.00495823818368729
ESP_3,existing_chp,monetary,466135.67123287666
ESP_3,existing_coal,monetary,0.0
ESP_3,existing_hydro_reservoir,monetary,0.0
ESP_3,existing_hydro_run_of_river,monetary,119712.32876712327
ESP_3,existing_nuclear,monetary,0.0
ESP_3,existing_oil_and_other,monetary,0.0
ESP_3,existing_open_field_pv,monetary,30646.575342465752
ESP_3,existing_pumped_hydro,monetary,0.0
ESP_3,existing_rooftop_pv,monetary,1468.6849315068491
ESP_3,existing_wind_onshore,monetary,201984.08602739725
ESP_3,existing_wte,monetary,0.0
ESP_3,open_field_pv_CN,co2,0.0008889203742974188
ESP_3,open_field_pv_CN,monetary,0.002508725498048518
ESP_3,open_field_pv_CN,vul,0.0
ESP_3,open_field_pv_DE,co2,0.07005663887776471
ESP_3,open_field_pv_DE,monetary,0.15640700614181344
ESP_3,open_field_pv_DE,vul,0.0
ESP_3,open_field_pv_ESP,co2,0.0011198411252836757
ESP_3,open_field_pv_ESP,monetary,0.004532851224986034
ESP_3,open_field_pv_ESP,vul,0.0
ESP_3,open_field_pv_MY,co2,0.03334543858618961
ESP_3,open_field_pv_MY,monetary,0.06789671946481055
ESP_3,open_field_pv_MY,vul,0.0
ESP_3,open_field_pv_NL,co2,89046.02941634342
ESP_3,open_field_pv_NL,monetary,217537.27010287216
ESP_3,open_field_pv_NL,vul,0.01451561323927678
ESP_3,open_field_pv_PT,co2,0.01550915852864581
ESP_3,open_field_pv_PT,monetary,0.024798161696679068
ESP_3,open_field_pv_PT,vul,0.0
ESP_3,pumped_hydro_CN,co2,1519.6559675949059
ESP_3,pumped_hydro_CN,monetary,22698.681502652747
ESP_3,pumped_hydro_CN,vulnerability,0.13018075645641367
ESP_3,pumped_hydro_ESP,co2,5.015177571553699e-06
ESP_3,pumped_hydro_ESP,monetary,0.0032456089770033086
ESP_3,pumped_hydro_ESP,vul,0.0
ESP_3,roof_mounted_pv_CN,co2,0.0010179133972183568
ESP_3,roof_mounted_pv_CN,monetary,0.0024535197411579474
ESP_3,roof_mounted_pv_CN,vul,0.0
ESP_3,roof_mounted_pv_DE,co2,0.001298033657406106
ESP_3,roof_mounted_pv_DE,monetary,0.002492555283015256
ESP_3,roof_mounted_pv_DE,vul,0.0
ESP_3,roof_mounted_pv_ESP,co2,0.0006209672210325363
ESP_3,roof_mounted_pv_ESP,monetary,0.002362830665451408
ESP_3,roof_mounted_pv_ESP,vul,0.0
ESP_3,roof_mounted_pv_MY,co2,0.0014181458026500627
ESP_3,roof_mounted_pv_MY,monetary,0.0024915656619464
ESP_3,roof_mounted_pv_MY,vul,0.0
ESP_3,roof_mounted_pv_NL,co2,0.001191330507826974
ESP_3,roof_mounted_pv_NL,monetary,0.002496094245684388
ESP_3,roof_mounted_pv_NL,vul,0.0
ESP_3,roof_mounted_pv_PT,co2,0.0017831955153923998
ESP_3,roof_mounted_pv_PT,monetary,0.0024845809775450073
ESP_3,roof_mounted_pv_PT,vul,0.0
ESP_3,wind_offshore_CN,co2,0.0
ESP_3,wind_offshore_CN,monetary,0.0
ESP_3,wind_offshore_CN,vul,0.0
ESP_3,wind_offshore_DE,co2,0.0
ESP_3,wind_offshore_DE,monetary,0.0
ESP_3,wind_offshore_DE,vul,0.0
ESP_3,wind_offshore_ESP,co2,0.0
ESP_3,wind_offshore_ESP,monetary,0.0
ESP_3,wind_offshore_ESP,vul,0.0
ESP_3,wind_offshore_FR,co2,0.0
ESP_3,wind_offshore_FR,monetary,0.0
ESP_3,wind_offshore_FR,vul,0.0
ESP_3,wind_offshore_IND,co2,0.0
ESP_3,wind_offshore_IND,monetary,0.0
ESP_3,wind_offshore_IND,vul,0.0
ESP_3,wind_offshore_NDL,co2,0.0
ESP_3,wind_offshore_NDL,monetary,0.0
ESP_3,wind_offshore_NDL,vul,0.0
ESP_3,wind_offshore_PT,co2,0.0
ESP_3,wind_offshore_PT,monetary,0.0
ESP_3,wind_offshore_PT,vul,0.0
ESP_3,wind_onshore_competing_CN,co2,0.0016028215576115723
ESP_3,wind_onshore_competing_CN,monetary,0.006691903877619851
ESP_3,wind_onshore_competing_CN,vul,0.0
ESP_3,wind_onshore_competing_DE,co2,0.0006137788650259129
ESP_3,wind_onshore_competing_DE,monetary,0.0069248683654284104
ESP_3,wind_onshore_competing_DE,vul,0.0
ESP_3,wind_onshore_competing_ESP,co2,0.0005153458154782216
ESP_3,wind_onshore_competing_ESP,monetary,0.004574042718858016
ESP_3,wind_onshore_competing_ESP,vul,0.0
ESP_3,wind_onshore_competing_FR,co2,0.0004706060790337094
ESP_3,wind_onshore_competing_FR,monetary,0.006958001142324558
ESP_3,wind_onshore_competing_FR,vul,0.0
ESP_3,wind_onshore_competing_IND,co2,0.0014840205837567256
ESP_3,wind_onshore_competing_IND,monetary,0.006123955748781218
ESP_3,wind_onshore_competing_IND,vul,0.0
ESP_3,wind_onshore_competing_NDL,co2,0.0002468708982852427
ESP_3,wind_onshore_competing_NDL,monetary,0.0070095645397229315
ESP_3,wind_onshore_competing_NDL,vul,0.0
ESP_3,wind_onshore_competing_PT,co2,0.0004285847643757897
ESP_3,wind_onshore_competing_PT,monetary,0.006967699107976831
ESP_3,wind_onshore_competing_PT,vul,0.0
ESP_3,wind_onshore_monopoly_CN,co2,0.0013530156529597487
ESP_3,wind_onshore_monopoly_CN,monetary,0.00564894491936694
ESP_3,wind_onshore_monopoly_CN,vul,0.0
ESP_3,wind_onshore_monopoly_DE,co2,0.0005052877696423128
ESP_3,wind_onshore_monopoly_DE,monetary,0.005700833786914778
ESP_3,wind_onshore_monopoly_DE,vul,0.0
ESP_3,wind_onshore_monopoly_ESP,co2,0.0002029372897975575
ESP_3,wind_onshore_monopoly_ESP,monetary,0.005762129275799978
ESP_3,wind_onshore_monopoly_ESP,vul,0.0
ESP_3,wind_onshore_monopoly_FR,co2,0.0003860418176543509
ESP_3,wind_onshore_monopoly_FR,monetary,0.005707702318124154
ESP_3,wind_onshore_monopoly_FR,vul,0.0
ESP_3,wind_onshore_monopoly_IND,co2,0.0013686868970804592
ESP_3,wind_onshore_monopoly_IND,monetary,0.005648020036514147
ESP_3,wind_onshore_monopoly_IND,vul,0.0
ESP_3,wind_onshore_monopoly_NDL,co2,0.0007441838622348425
ESP_3,wind_onshore_monopoly_NDL,monetary,0.005332003588906814
ESP_3,wind_onshore_monopoly_NDL,vul,0.0
ESP_3,wind_onshore_monopoly_PT,co2,0.00035139083282660844
ESP_3,wind_onshore_monopoly_PT,monetary,0.005712721953621323
ESP_3,wind_onshore_monopoly_PT,vul,0.0
ESP_4,ESP_2_ESP_4_ac_ohl_transmission,monetary,95890.4109589041
ESP_4,ESP_3_ESP_4_ac_ohl_transmission,monetary,283675.799086758
ESP_4,ESP_3_ESP_7_ac_ohl_transmission,monetary,407534.24657534243
ESP_4,ESP_4_ESP_5_techs_ac_ohl_transmission,monetary,35958.904109589035
ESP_4,ESP_4_FRA_1_ac_ohl_mountain_transmission,monetary,117808.21917808219
ESP_4,ESP_4_FRA_1_dc_subsea_transmission,monetary,430136.98630136985
ESP_4,ESP_4_FRA_1_dc_underground_transmission,monetary,603310.502283105
ESP_4,Trade_Markets_ESP_4_natural_gas_transmission,monetary,0.0
ESP_4,battery_CN,co2,4962.284035652593
ESP_4,battery_CN,monetary,32753.899886099513
ESP_4,battery_CN,vul,0.06762864920403905
ESP_4,battery_CZ,co2,0.1889322449855328
ESP_4,battery_CZ,monetary,1.0822086264044117
ESP_4,battery_CZ,vul,4.138531608374941e-07
ESP_4,battery_ESP,co2,0.0012802667269612366
ESP_4,battery_ESP,monetary,0.06579714413314133
ESP_4,battery_ESP,vul,0.0
ESP_4,battery_HU,co2,0.11390183641476893
ESP_4,battery_HU,monetary,0.5911132782192261
ESP_4,battery_HU,vul,1.5703790571641505e-07
ESP_4,battery_PL,co2,0.17060923174459225
ESP_4,battery_PL,monetary,0.9619948736197477
ESP_4,battery_PL,vul,2.2047283878258744e-07
ESP_4,battery_US,co2,0.5525223485707105
ESP_4,battery_US,monetary,3.479361133378948
ESP_4,battery_US,vul,1.0709873009705573e-06
ESP_4,biogas_to_electricity_supply_BEL,co2,0.014016423497363716
ESP_4,biogas_to_electricity_supply_BEL,monetary,0.018973095822402294
ESP_4,biogas_to_electricity_supply_BEL,vul,0.0
ESP_4,biogas_to_electricity_supply_CAN,co2,0.008107352096935572
ESP_4,biogas_to_electricity_supply_CAN,monetary,0.0033762540455452867
ESP_4,biogas_to_electricity_supply_CAN,vul,0.0
ESP_4,biogas_to_electricity_supply_FR,co2,0.00815859135573298
ESP_4,biogas_to_electricity_supply_FR,monetary,0.00335445918572419
ESP_4,biogas_to_electricity_supply_FR,vul,0.0
ESP_4,biogas_to_electricity_supply_FSM,co2,0.008253316820287187
ESP_4,biogas_to_electricity_supply_FSM,monetary,0.003665032962804733
ESP_4,biogas_to_electricity_supply_FSM,vul,0.0
ESP_4,biogas_to_electricity_supply_UK,co2,0.007990643436274437
ESP_4,biogas_to_electricity_supply_UK,monetary,0.003399935961269525
ESP_4,biogas_to_electricity_supply_UK,vul,0.0
ESP_4,biogas_to_electricity_supply_USA,co2,0.008003853529466259
ESP_4,biogas_to_electricity_supply_USA,monetary,0.00364746483644125
ESP_4,biogas_to_electricity_supply_USA,vul,0.0
ESP_4,biomass_ESP,co2,0.0
ESP_4,biomass_ESP,monetary,0.0032322755039460214
ESP_4,biomass_ESP,vul,0.0
ESP_4,biomass_FR,co2,3.262720116137374e-07
ESP_4,biomass_FR,monetary,0.003129815987200431
ESP_4,biomass_FR,vul,0.0
ESP_4,biomass_IT,co2,1.0070027430191633e-05
ESP_4,biomass_IT,monetary,0.0031964719589914563
ESP_4,biomass_IT,vul,0.0
ESP_4,existing_biogas_to_electricity_supply,monetary,5013.511030136986
ESP_4,existing_biomass,monetary,240389.82608219172
ESP_4,existing_ccgt,monetary,0.004415379451462874
ESP_4,existing_chp,monetary,1674009.7293150683
ESP_4,existing_coal,monetary,0.0
ESP_4,existing_hydro_reservoir,monetary,0.009543866403269912
ESP_4,existing_hydro_run_of_river,monetary,219657.53424657532
ESP_4,existing_nuclear,monetary,0.0
ESP_4,existing_oil_and_other,monetary,0.0
ESP_4,existing_open_field_pv,monetary,67131.83561643834
ESP_4,existing_pumped_hydro,monetary,0.0
ESP_4,existing_rooftop_pv,monetary,3216.465753424657
ESP_4,existing_wind_onshore,monetary,511277.7770136986
ESP_4,existing_wte,monetary,0.0030705472061770683
ESP_4,open_field_pv_CN,co2,0.0009334699916462619
ESP_4,open_field_pv_CN,monetary,0.002634454150696042
ESP_4,open_field_pv_CN,vul,0.0
ESP_4,open_field_pv_DE,co2,0.0923692206228757
ESP_4,open_field_pv_DE,monetary,0.20622161566278105
ESP_4,open_field_pv_DE,vul,0.0
ESP_4,open_field_pv_ESP,co2,0.0011858211516749678
ESP_4,open_field_pv_ESP,monetary,0.00479992271995066
ESP_4,open_field_pv_ESP,vul,0.0
ESP_4,open_field_pv_MY,co2,0.04164121310518867
ESP_4,open_field_pv_MY,monetary,0.08478826143100564
ESP_4,open_field_pv_MY,vul,0.0
ESP_4,open_field_pv_NL,co2,160150.28331618442
ESP_4,open_field_pv_NL,monetary,391243.22181635717
ESP_4,open_field_pv_NL,vul,0.026106493327277595
ESP_4,open_field_pv_PT,co2,0.01830311816465416
ESP_4,open_field_pv_PT,monetary,0.02926552610589304
ESP_4,open_field_pv_PT,vul,0.0
ESP_4,pumped_hydro_CN,co2,0.0
ESP_4,pumped_hydro_CN,monetary,0.0
ESP_4,pumped_hydro_CN,vulnerability,0.0
ESP_4,pumped_hydro_ESP,co2,0.0
ESP_4,pumped_hydro_ESP,monetary,0.0
ESP_4,pumped_hydro_ESP,vul,0.0
ESP_4,roof_mounted_pv_CN,co2,0.0010386578088125954
ESP_4,roof_mounted_pv_CN,monetary,0.002503520874362654
ESP_4,roof_mounted_pv_CN,vul,0.0
ESP_4,roof_mounted_pv_DE,co2,0.0013398939055654238
ESP_4,roof_mounted_pv_DE,monetary,0.0025729376229511407
ESP_4,roof_mounted_pv_DE,vul,0.0
ESP_4,roof_mounted_pv_ESP,co2,0.0006228758170793693
ESP_4,roof_mounted_pv_ESP,monetary,0.0023700930282858227
ESP_4,roof_mounted_pv_ESP,vul,0.0
ESP_4,roof_mounted_pv_MY,co2,0.0014633418983846075
ESP_4,roof_mounted_pv_MY,monetary,0.0025709714888901484
ESP_4,roof_mounted_pv_MY,vul,0.0
ESP_4,roof_mounted_pv_NL,co2,0.0012299592949992753
ESP_4,roof_mounted_pv_NL,monetary,0.002577029882558511
ESP_4,roof_mounted_pv_NL,vul,0.0
ESP_4,roof_mounted_pv_PT,co2,0.0018375596021796819
ESP_4,roof_mounted_pv_PT,monetary,0.0025603281262605334
ESP_4,roof_mounted_pv_PT,vul,0.0
ESP_4,wind_offshore_CN,co2,0.0006726171755632535
ESP_4,wind_offshore_CN,monetary,0.005234515253796653
ESP_4,wind_offshore_CN,vul,0.0
ESP_4,wind_offshore_DE,co2,0.00024362861017167818
ESP_4,wind_offshore_DE,monetary,0.005272572085679308
ESP_4,wind_offshore_DE,vul,0.0
ESP_4,wind_offshore_ESP,co2,0.0005163985376827841
ESP_4,wind_offshore_ESP,monetary,0.004618205855648743
ESP_4,wind_offshore_ESP,vul,0.0
ESP_4,wind_offshore_FR,co2,0.00018523393844838747
ESP_4,wind_offshore_FR,monetary,0.005274082214612888
ESP_4,wind_offshore_FR,vul,0.0
ESP_4,wind_offshore_IND,co2,0.0006808177982329033
ESP_4,wind_offshore_IND,monetary,0.0052339674199772665
ESP_4,wind_offshore_IND,vul,0.0
ESP_4,wind_offshore_NDL,co2,9.594992889210267e-05
ESP_4,wind_offshore_NDL,monetary,0.005278176388774122
ESP_4,wind_offshore_NDL,vul,0.0
ESP_4,wind_offshore_PT,co2,0.0001682886085518468
ESP_4,wind_offshore_PT,monetary,0.005274762662486165
ESP_4,wind_offshore_PT,vul,0.0
ESP_4,wind_onshore_competing_CN,co2,0.0016851331849828594
ESP_4,wind_onshore_competing_CN,monetary,0.007035561283376183
ESP_4,wind_onshore_competing_CN,vul,0.0
ESP_4,wind_onshore_competing_DE,co2,0.0006376186420029029
ESP_4,wind_onshore_competing_DE,monetary,0.0071938370882596485
ESP_4,wind_onshore_competing_DE,vul,0.0
ESP_4,wind_onshore_competing_ESP,co2,0.000500793637764122
ESP_4,wind_onshore_competing_ESP,monetary,0.004444882297801841
ESP_4,wind_onshore_competing_ESP,vul,0.0
ESP_4,wind_onshore_competing_FR,co2,0.00048777097783481827
ESP_4,wind_onshore_competing_FR,monetary,0.007211787463383632
ESP_4,wind_onshore_competing_FR,vul,0.0
ESP_4,wind_onshore_competing_IND,co2,0.0014366979871522937
ESP_4,wind_onshore_competing_IND,monetary,0.005928674436180184
ESP_4,wind_onshore_competing_IND,vul,0.0
ESP_4,wind_onshore_competing_NDL,co2,0.0002552489179583927
ESP_4,wind_onshore_competing_NDL,monetary,0.007247447052493471
ESP_4,wind_onshore_competing_NDL,vul,0.0
ESP_4,wind_onshore_competing_PT,co2,0.00044389171866124344
ESP_4,wind_onshore_competing_PT,monetary,0.0072165512851556785
ESP_4,wind_onshore_competing_PT,vul,0.0
ESP_4,wind_onshore_monopoly_CN,co2,0.0013776168465304997
ESP_4,wind_onshore_monopoly_CN,monetary,0.005751656803836166
ESP_4,wind_onshore_monopoly_CN,vul,0.0
ESP_4,wind_onshore_monopoly_DE,co2,0.00051445996216749
ESP_4,wind_onshore_monopoly_DE,monetary,0.005804317679043479
ESP_4,wind_onshore_monopoly_DE,vul,0.0
ESP_4,wind_onshore_monopoly_ESP,co2,0.00020586881407393438
ESP_4,wind_onshore_monopoly_ESP,monetary,0.005845365934141479
ESP_4,wind_onshore_monopoly_ESP,vul,0.0
ESP_4,wind_onshore_monopoly_FR,co2,0.00039279582373994516
ESP_4,wind_onshore_monopoly_FR,monetary,0.005807561593540496
ESP_4,wind_onshore_monopoly_FR,vul,0.0
ESP_4,wind_onshore_monopoly_IND,co2,0.001393770325667356
ESP_4,wind_onshore_monopoly_IND,monetary,0.005751529252205087
ESP_4,wind_onshore_monopoly_IND,vul,0.0
ESP_4,wind_onshore_monopoly_NDL,co2,0.0007604165032699785
ESP_4,wind_onshore_monopoly_NDL,monetary,0.005448308852496994
ESP_4,wind_onshore_monopoly_NDL,vul,0.0
ESP_4,wind_onshore_monopoly_PT,co2,0.0003574643794337696
ESP_4,wind_onshore_monopoly_PT,monetary,0.005811462386773694
ESP_4,wind_onshore_monopoly_PT,vul,0.0
ESP_5,ESP_3_ESP_5_ac_ohl_transmission,monetary,155821.91780821915
ESP_5,ESP_4_ESP_5_techs_ac_ohl_transmission,monetary,35958.904109589035
ESP_5,ESP_5_ESP_11_ac_ohl_transmission,monetary,227739.72602739724
ESP_5,ESP_5_ESP_6_techs_ac_ohl_transmission,monetary,279680.36529680365
ESP_5,ESP_5_FRA_1_ac_ohl_transmission,monetary,3995.4337899543375
ESP_5,Trade_Markets_ESP_5_natural_gas_transmission,monetary,0.0
ESP_5,battery_CN,co2,0.0393066861393475
ESP_5,battery_CN,monetary,0.263470131529461
ESP_5,battery_CN,vul,5.356924491206814e-07
ESP_5,battery_CZ,co2,0.03695839583664137
ESP_5,battery_CZ,monetary,0.2131833526904999
ESP_5,battery_CZ,vul,0.0
ESP_5,battery_ESP,co2,0.0009613565168923808
ESP_5,battery_ESP,monetary,0.049966761491600536
ESP_5,battery_ESP,vul,0.0
ESP_5,battery_HU,co2,0.03540508464110632
ESP_5,battery_HU,monetary,0.18502281714700708
ESP_5,battery_HU,vul,0.0
ESP_5,battery_PL,co2,0.03671433791004268
ESP_5,battery_PL,monetary,0.2084666857089686
ESP_5,battery_PL,vul,0.0
ESP_5,battery_US,co2,0.038379694288093645
ESP_5,battery_US,monetary,0.24328950601079832
ESP_5,battery_US,vul,0.0
ESP_5,biogas_to_electricity_supply_BEL,co2,0.013435654255373183
ESP_5,biogas_to_electricity_supply_BEL,monetary,0.01818694731018997
ESP_5,biogas_to_electricity_supply_BEL,vul,0.0
ESP_5,biogas_to_electricity_supply_CAN,co2,0.008069896811684492
ESP_5,biogas_to_electricity_supply_CAN,monetary,0.0033606560356347756
ESP_5,biogas_to_electricity_supply_CAN,vul,0.0
ESP_5,biogas_to_electricity_supply_FR,co2,0.008119489484594686
ESP_5,biogas_to_electricity_supply_FR,monetary,0.0033383821909220572
ESP_5,biogas_to_electricity_supply_FR,vul,0.0
ESP_5,biogas_to_electricity_supply_FSM,co2,0.008204415993927607
ESP_5,biogas_to_electricity_supply_FSM,monetary,0.0036433176761607364
ESP_5,biogas_to_electricity_supply_FSM,vul,0.0
ESP_5,biogas_to_electricity_supply_UK,co2,0.007954036747381646
ESP_5,biogas_to_electricity_supply_UK,monetary,0.003384360194564105
ESP_5,biogas_to_electricity_supply_UK,vul,0.0
ESP_5,biogas_to_electricity_supply_USA,co2,0.007956505109365509
ESP_5,biogas_to_electricity_supply_USA,monetary,0.0036258875178730465
ESP_5,biogas_to_electricity_supply_USA,vul,0.0
ESP_5,biomass_ESP,co2,0.0
ESP_5,biomass_ESP,monetary,0.003206603705859
ESP_5,biomass_ESP,vul,0.0
ESP_5,biomass_FR,co2,3.2656129679082164e-07
ESP_5,biomass_FR,monetary,0.0031325910011148037
ESP_5,biomass_FR,vul,0.0
ESP_5,biomass_IT,co2,1.0000908916539308e-05
ESP_5,biomass_IT,monetary,0.0031745320593965036
ESP_5,biomass_IT,vul,0.0
ESP_5,existing_biogas_to_electricity_supply,monetary,471.52568328767126
ESP_5,existing_biomass,monetary,22567.39128767123
ESP_5,existing_ccgt,monetary,0.004400504011571979
ESP_5,existing_chp,monetary,1101362.0572054794
ESP_5,existing_coal,monetary,0.006004244499359216
ESP_5,existing_hydro_reservoir,monetary,0.010577457548818092
ESP_5,existing_hydro_run_of_river,monetary,867493.1543384757
ESP_5,existing_nuclear,monetary,0.0
ESP_5,existing_oil_and_other,monetary,0.0
ESP_5,existing_open_field_pv,monetary,60350.46575342465
ESP_5,existing_pumped_hydro,monetary,71085.8904109589
ESP_5,existing_rooftop_pv,monetary,2891.616438356164
ESP_5,existing_wind_onshore,monetary,855707.768219178
ESP_5,existing_wte,monetary,0.0030815965095096305
ESP_5,open_field_pv_CN,co2,0.0009057689818455039
ESP_5,open_field_pv_CN,monetary,0.0025562759115441047
ESP_5,open_field_pv_CN,vul,0.0
ESP_5,open_field_pv_DE,co2,0.06963774008942178
ESP_5,open_field_pv_DE,monetary,0.1554717813521191
ESP_5,open_field_pv_DE,vul,0.0
ESP_5,open_field_pv_ESP,co2,0.0011510959290736676
ESP_5,open_field_pv_ESP,monetary,0.004659363256422881
ESP_5,open_field_pv_ESP,vul,0.0
ESP_5,open_field_pv_MY,co2,0.033579388591529674
ESP_5,open_field_pv_MY,monetary,0.0683730796074522
ESP_5,open_field_pv_MY,vul,0.0
ESP_5,open_field_pv_NL,co2,23047.641387585387
ESP_5,open_field_pv_NL,monetary,56304.8237257515
ESP_5,open_field_pv_NL,vul,0.0037570529607279138
ESP_5,open_field_pv_PT,co2,0.016062513479616396
ESP_5,open_field_pv_PT,monetary,0.02568294119806087
ESP_5,open_field_pv_PT,vul,0.0
ESP_5,pumped_hydro_CN,co2,195.1534853911185
ESP_5,pumped_hydro_CN,monetary,2914.9537155020244
ESP_5,pumped_hydro_CN,vulnerability,0.016717749869089932
ESP_5,pumped_hydro_ESP,co2,5.5095765919682815e-06
ESP_5,pumped_hydro_ESP,monetary,0.003565562931970072
ESP_5,pumped_hydro_ESP,vul,0.0
ESP_5,roof_mounted_pv_CN,co2,0.0010032358257004515
ESP_5,roof_mounted_pv_CN,monetary,0.002418141769348315
ESP_5,roof_mounted_pv_CN,vul,0.0
ESP_5,roof_mounted_pv_DE,co2,0.0012916600083547583
ESP_5,roof_mounted_pv_DE,monetary,0.0024803162532147744
ESP_5,roof_mounted_pv_DE,vul,0.0
ESP_5,roof_mounted_pv_ESP,co2,0.0006165694526905038
ESP_5,roof_mounted_pv_ESP,monetary,0.002346096800045715
ESP_5,roof_mounted_pv_ESP,vul,0.0
ESP_5,roof_mounted_pv_MY,co2,0.0014105246303940874
ESP_5,roof_mounted_pv_MY,monetary,0.0024781758884398373
ESP_5,roof_mounted_pv_MY,vul,0.0
ESP_5,roof_mounted_pv_NL,co2,0.001184951451726375
ESP_5,roof_mounted_pv_NL,monetary,0.0024827287479312525
ESP_5,roof_mounted_pv_NL,vul,0.0
ESP_5,roof_mounted_pv_PT,co2,0.0017731009336691204
ESP_5,roof_mounted_pv_PT,monetary,0.002470515887368727
ESP_5,roof_mounted_pv_PT,vul,0.0
ESP_5,wind_offshore_CN,co2,0.0
ESP_5,wind_offshore_CN,monetary,0.0
ESP_5,wind_offshore_CN,vul,0.0
ESP_5,wind_offshore_DE,co2,0.0
ESP_5,wind_offshore_DE,monetary,0.0
ESP_5,wind_offshore_DE,vul,0.0
ESP_5,wind_offshore_ESP,co2,0.0
ESP_5,wind_offshore_ESP,monetary,0.0
ESP_5,wind_offshore_ESP,vul,0.0
ESP_5,wind_offshore_FR,co2,0.0
ESP_5,wind_offshore_FR,monetary,0.0
ESP_5,wind_offshore_FR,vul,0.0
ESP_5,wind_offshore_IND,co2,0.0
ESP_5,wind_offshore_IND,monetary,0.0
ESP_5,wind_offshore_IND,vul,0.0
ESP_5,wind_offshore_NDL,co2,0.0
ESP_5,wind_offshore_NDL,monetary,0.0
ESP_5,wind_offshore_NDL,vul,0.0
ESP_5,wind_offshore_PT,co2,0.0
ESP_5,wind_offshore_PT,monetary,0.0
ESP_5,wind_offshore_PT,vul,0.0
ESP_5,wind_onshore_competing_CN,co2,0.001480856410980766
ESP_5,wind_onshore_competing_CN,monetary,0.006182689964319741
ESP_5,wind_onshore_competing_CN,vul,0.0
ESP_5,wind_onshore_competing_DE,co2,0.0005577069975346212
ESP_5,wind_onshore_competing_DE,monetary,0.006292245895828472
ESP_5,wind_onshore_competing_DE,vul,0.0
ESP_5,wind_onshore_competing_ESP,co2,0.0005149773020688661
ESP_5,wind_onshore_competing_ESP,monetary,0.00457077191306851
ESP_5,wind_onshore_competing_ESP,vul,0.0
ESP_5,wind_onshore_competing_FR,co2,0.0004266232537459816
ESP_5,wind_onshore_competing_FR,monetary,0.0063077066343933275
ESP_5,wind_onshore_competing_FR,vul,0.0
ESP_5,wind_onshore_competing_IND,co2,0.0013334836302661935
ESP_5,wind_onshore_competing_IND,monetary,0.0055027503208897426
ESP_5,wind_onshore_competing_IND,vul,0.0
ESP_5,wind_onshore_competing_NDL,co2,0.00022255922534868483
ESP_5,wind_onshore_competing_NDL,monetary,0.006319267539545392
ESP_5,wind_onshore_competing_NDL,vul,0.0
ESP_5,wind_onshore_competing_PT,co2,0.000388269496538281
ESP_5,wind_onshore_competing_PT,monetary,0.0063122753059702925
ESP_5,wind_onshore_competing_PT,vul,0.0
ESP_5,wind_onshore_monopoly_CN,co2,0.0012159893180355987
ESP_5,wind_onshore_monopoly_CN,monetary,0.005076849380933226
ESP_5,wind_onshore_monopoly_CN,vul,0.0
ESP_5,wind_onshore_monopoly_DE,co2,0.00045068663461502384
ESP_5,wind_onshore_monopoly_DE,monetary,0.005084804636658854
ESP_5,wind_onshore_monopoly_DE,vul,0.0
ESP_5,wind_onshore_monopoly_ESP,co2,0.0001801205893983828
ESP_5,wind_onshore_monopoly_ESP,monetary,0.005114279994485569
ESP_5,wind_onshore_monopoly_ESP,vul,0.0
ESP_5,wind_onshore_monopoly_FR,co2,0.00034408060212217544
ESP_5,wind_onshore_monopoly_FR,monetary,0.00508729769818024
ESP_5,wind_onshore_monopoly_FR,vul,0.0
ESP_5,wind_onshore_monopoly_IND,co2,0.0012302053230168883
ESP_5,wind_onshore_monopoly_IND,monetary,0.005076562308185293
ESP_5,wind_onshore_monopoly_IND,vul,0.0
ESP_5,wind_onshore_monopoly_NDL,co2,0.0006892349188365464
ESP_5,wind_onshore_monopoly_NDL,monetary,0.004938299857511073
ESP_5,wind_onshore_monopoly_NDL,vul,0.0
ESP_5,wind_onshore_monopoly_PT,co2,0.00031299236461200584
ESP_5,wind_onshore_monopoly_PT,monetary,0.0050884604423279065
ESP_5,wind_onshore_monopoly_PT,vul,0.0
ESP_6,ESP_5_ESP_6_techs_ac_ohl_transmission,monetary,279680.36529680365
ESP_6,ESP_6_ESP_11_ac_ohl_transmission,monetary,43949.77168949771
ESP_6,ESP_6_FRA_2_ac_ohl_mountain_transmission,monetary,117808.21917808219
ESP_6,ESP_6_FRA_2_dc_underground_transmission,monetary,137899.54337899544
ESP_6,ESP_6_FRA_3_dc_subsea_transmission,monetary,150547.94520547945
ESP_6,ESP_9_MA_dc_subsea_transmission,monetary,0.0
ESP_6,Trade_Markets_ESP_6_natural_gas_transmission,monetary,0.0
ESP_6,Trade_Markets_ESP_6_oil_fuel_transmission,monetary,0.0
ESP_6,battery_CN,co2,0.0039944517175649575
ESP_6,battery_CN,monetary,0.02587143834862279
ESP_6,battery_CN,vul,0.0
ESP_6,battery_CZ,co2,0.0045383595918257035
ESP_6,battery_CZ,monetary,0.02538138779710293
ESP_6,battery_CZ,vul,0.0
ESP_6,battery_ESP,co2,0.00033336980136845627
ESP_6,battery_ESP,monetary,0.017867645824383216
ESP_6,battery_ESP,vul,0.0
ESP_6,battery_HU,co2,0.004812412223085262
ESP_6,battery_HU,monetary,0.02451144661499675
ESP_6,battery_HU,vul,0.0
ESP_6,battery_PL,co2,0.004520026843797
ESP_6,battery_PL,monetary,0.024941909968606294
ESP_6,battery_PL,vul,0.0
ESP_6,battery_US,co2,0.004190121290037971
ESP_6,battery_US,monetary,0.025694648138543105
ESP_6,battery_US,vul,0.0
ESP_6,biogas_to_electricity_supply_BEL,co2,0.011810571315465581
ESP_6,biogas_to_electricity_supply_BEL,monetary,0.015987181132746962
ESP_6,biogas_to_electricity_supply_BEL,vul,0.0
ESP_6,biogas_to_electricity_supply_CAN,co2,0.008054264465839981
ESP_6,biogas_to_electricity_supply_CAN,monetary,0.0033541460468902574
ESP_6,biogas_to_electricity_supply_CAN,vul,0.0
ESP_6,biogas_to_electricity_supply_FR,co2,0.008108140015790742
ESP_6,biogas_to_electricity_supply_FR,monetary,0.0033337157812169398
ESP_6,biogas_to_electricity_supply_FR,vul,0.0
ESP_6,biogas_to_electricity_supply_FSM,co2,0.008161148468579797
ESP_6,biogas_to_electricity_supply_FSM,monetary,0.0036241039575950172
ESP_6,biogas_to_electricity_supply_FSM,vul,0.0
ESP_6,biogas_to_electricity_supply_UK,co2,0.007930199134181276
ESP_6,biogas_to_electricity_supply_UK,monetary,0.0033742175372177834
ESP_6,biogas_to_electricity_supply_UK,vul,0.0
ESP_6,biogas_to_electricity_supply_USA,co2,0.007916812114938363
ESP_6,biogas_to_electricity_supply_USA,monetary,0.0036077988808317684
ESP_6,biogas_to_electricity_supply_USA,vul,0.0
ESP_6,biomass_ESP,co2,0.0
ESP_6,biomass_ESP,monetary,0.0031717364224211
ESP_6,biomass_ESP,vul,0.0
ESP_6,biomass_FR,co2,3.308498007229089e-07
ESP_6,biomass_FR,monetary,0.003173729154833329
ESP_6,biomass_FR,vul,0.0
ESP_6,biomass_IT,co2,1.0034106922146903e-05
ESP_6,biomass_IT,monetary,0.003185069914904321
ESP_6,biomass_IT,vul,0.0
ESP_6,existing_biogas_to_electricity_supply,monetary,4380.075925479452
ESP_6,existing_biomass,monetary,210015.82230136983
ESP_6,existing_ccgt,monetary,0.004462183561283771
ESP_6,existing_chp,monetary,2333917.999079452
ESP_6,existing_coal,monetary,0.0
ESP_6,existing_hydro_reservoir,monetary,0.009332202640660021
ESP_6,existing_hydro_run_of_river,monetary,1192890.4140486426
ESP_6,existing_nuclear,monetary,12649061.14849315
ESP_6,existing_oil_and_other,monetary,416.43835616438355
ESP_6,existing_open_field_pv,monetary,95550.24657534246
ESP_6,existing_pumped_hydro,monetary,124458.57534246576
ESP_6,existing_rooftop_pv,monetary,4575.342465753424
ESP_6,existing_wind_onshore,monetary,569991.1663013698
ESP_6,existing_wte,monetary,0.003093432797580985
ESP_6,open_field_pv_CN,co2,0.0009618016212606768
ESP_6,open_field_pv_CN,monetary,0.0027144121353143225
ESP_6,open_field_pv_CN,vul,0.0
ESP_6,open_field_pv_DE,co2,0.08251078046326896
ESP_6,open_field_pv_DE,monetary,0.18421186561921016
ESP_6,open_field_pv_DE,vul,0.0
ESP_6,open_field_pv_ESP,co2,0.001165799312722635
ESP_6,open_field_pv_ESP,monetary,0.004718879065478188
ESP_6,open_field_pv_ESP,vul,0.0
ESP_6,open_field_pv_MY,co2,0.0374407277237001
ESP_6,open_field_pv_MY,monetary,0.07623539214347778
ESP_6,open_field_pv_MY,vul,0.0
ESP_6,open_field_pv_NL,co2,127811.40572666145
ESP_6,open_field_pv_NL,monetary,312240.1354898084
ESP_6,open_field_pv_NL,vul,0.020834852999700292
ESP_6,open_field_pv_PT,co2,0.016891663447116637
ESP_6,open_field_pv_PT,monetary,0.027008699454183514
ESP_6,open_field_pv_PT,vul,0.0
ESP_6,pumped_hydro_CN,co2,0.003695789264148145
ESP_6,pumped_hydro_CN,monetary,0.055202983567781125
ESP_6,pumped_hydro_CN,vulnerability,3.165983961960461e-07
ESP_6,pumped_hydro_ESP,co2,5.805584463761023e-06
ESP_6,pumped_hydro_ESP,monetary,0.0037571265989084952
ESP_6,pumped_hydro_ESP,vul,0.0
ESP_6,roof_mounted_pv_CN,co2,0.001062357570744124
ESP_6,roof_mounted_pv_CN,monetary,0.00256064541356083
ESP_6,roof_mounted_pv_CN,vul,0.0
ESP_6,roof_mounted_pv_DE,co2,0.0013909847122704968
ESP_6,roof_mounted_pv_DE,monetary,0.002671044986685237
ESP_6,roof_mounted_pv_DE,vul,0.0
ESP_6,roof_mounted_pv_ESP,co2,0.0006306968921186625
ESP_6,roof_mounted_pv_ESP,monetary,0.002399852853464534
ESP_6,roof_mounted_pv_ESP,vul,0.0
ESP_6,roof_mounted_pv_MY,co2,0.0015156766244506642
ESP_6,roof_mounted_pv_MY,monetary,0.002662919302824294
ESP_6,roof_mounted_pv_MY,vul,0.0
ESP_6,roof_mounted_pv_NL,co2,0.001279185419189688
ESP_6,roof_mounted_pv_NL,monetary,0.002680169225101797
ESP_6,roof_mounted_pv_NL,vul,0.0
ESP_6,roof_mounted_pv_PT,co2,0.0018898472965361759
ESP_6,roof_mounted_pv_PT,monetary,0.0026331821737479986
ESP_6,roof_mounted_pv_PT,vul,0.0
ESP_6,wind_offshore_CN,co2,0.0006618589781329605
ESP_6,wind_offshore_CN,monetary,0.00515079162823644
ESP_6,wind_offshore_CN,vul,0.0
ESP_6,wind_offshore_DE,co2,0.00023915692881383455
ESP_6,wind_offshore_DE,monetary,0.0051757966606304825
ESP_6,wind_offshore_DE,vul,0.0
ESP_6,wind_offshore_ESP,co2,0.0005172909790783929
ESP_6,wind_offshore_ESP,monetary,0.004626187051911455
ESP_6,wind_offshore_ESP,vul,0.0
ESP_6,wind_offshore_FR,co2,0.00018189586953840827
ESP_6,wind_offshore_FR,monetary,0.005179038887149551
ESP_6,wind_offshore_FR,vul,0.0
ESP_6,wind_offshore_IND,co2,0.0006699304891003997
ESP_6,wind_offshore_IND,monetary,0.005150268343016222
ESP_6,wind_offshore_IND,vul,0.0
ESP_6,wind_offshore_NDL,co2,9.422006548161009e-05
ESP_6,wind_offshore_NDL,monetary,0.005183017128996727
ESP_6,wind_offshore_NDL,vul,0.0
ESP_6,wind_offshore_PT,co2,0.0001652559700099007
ESP_6,wind_offshore_PT,monetary,0.005179709000283322
ESP_6,wind_offshore_PT,vul,0.0
ESP_6,wind_onshore_competing_CN,co2,0.0015514900806228628
ESP_6,wind_onshore_competing_CN,monetary,0.006477590994021896
ESP_6,wind_onshore_competing_CN,vul,0.0
ESP_6,wind_onshore_competing_DE,co2,0.000584017164309715
ESP_6,wind_onshore_competing_DE,monetary,0.006589086422558405
ESP_6,wind_onshore_competing_DE,vul,0.0
ESP_6,wind_onshore_competing_ESP,co2,0.000501447787611263
ESP_6,wind_onshore_competing_ESP,monetary,0.004450688320195913
ESP_6,wind_onshore_competing_ESP,vul,0.0
ESP_6,wind_onshore_competing_FR,co2,0.000446574010268933
ESP_6,wind_onshore_competing_FR,monetary,0.00660268239620662
ESP_6,wind_onshore_competing_FR,vul,0.0
ESP_6,wind_onshore_competing_IND,co2,0.001436491443371996
ESP_6,wind_onshore_competing_IND,monetary,0.0059278221131163576
ESP_6,wind_onshore_competing_IND,vul,0.0
ESP_6,wind_onshore_competing_NDL,co2,0.00023303019024033256
ESP_6,wind_onshore_competing_NDL,monetary,0.006616576394947102
ESP_6,wind_onshore_competing_NDL,vul,0.0
ESP_6,wind_onshore_competing_PT,co2,0.000406136433916436
ESP_6,wind_onshore_competing_PT,monetary,0.006602746302561514
ESP_6,wind_onshore_competing_PT,vul,0.0
ESP_6,wind_onshore_monopoly_CN,co2,0.0012542571634610214
ESP_6,wind_onshore_monopoly_CN,monetary,0.0052366205931273935
ESP_6,wind_onshore_monopoly_CN,vul,0.0
ESP_6,wind_onshore_monopoly_DE,co2,0.0004662198999456224
ESP_6,wind_onshore_monopoly_DE,monetary,0.005260056382570839
ESP_6,wind_onshore_monopoly_DE,vul,0.0
ESP_6,wind_onshore_monopoly_ESP,co2,0.00018636461232045964
ESP_6,wind_onshore_monopoly_ESP,monetary,0.005291570562000077
ESP_6,wind_onshore_monopoly_ESP,vul,0.0
ESP_6,wind_onshore_monopoly_FR,co2,0.00035595573883566434
ESP_6,wind_onshore_monopoly_FR,monetary,0.005262873872179892
ESP_6,wind_onshore_monopoly_FR,vul,0.0
ESP_6,wind_onshore_monopoly_IND,co2,0.0012688892446589789
ESP_6,wind_onshore_monopoly_IND,monetary,0.005236195285597093
ESP_6,wind_onshore_monopoly_IND,vul,0.0
ESP_6,wind_onshore_monopoly_NDL,co2,0.0007042043317683521
ESP_6,wind_onshore_monopoly_NDL,monetary,0.005045554216986861
ESP_6,wind_onshore_monopoly_NDL,vul,0.0
ESP_6,wind_onshore_monopoly_PT,co2,0.0003238874194345685
ESP_6,wind_onshore_monopoly_PT,monetary,0.00526558634618287
ESP_6,wind_onshore_monopoly_PT,vul,0.0
ESP_7,ESP_7_ESP_11_ac_ohl_transmission,monetary,83904.1095890411
ESP_7,ESP_7_ESP_8_ac_ohl_transmission,monetary,347602.73972602736
ESP_7,Trade_Markets_ESP_7_natural_gas_transmission,monetary,0.0
ESP_7,battery_CN,co2,92973.63621855347
ESP_7,battery_CN,monetary,577635.3435345832
ESP_7,battery_CN,vul,1.2670942219093662
ESP_7,battery_CZ,co2,0.21460129886791685
ESP_7,battery_CZ,monetary,1.221120466247602
ESP_7,battery_CZ,vul,4.7008082639953746e-07
ESP_7,battery_ESP,co2,0.001432344448611815
ESP_7,battery_ESP,monetary,0.07361016660539213
ESP_7,battery_ESP,vul,0.0
ESP_7,battery_HU,co2,0.12930977039261282
ESP_7,battery_HU,monetary,0.6659754514879277
ESP_7,battery_HU,vul,1.78281019606927e-07
ESP_7,battery_PL,co2,0.19364751768209182
ESP_7,battery_PL,monetary,1.084501331807721
ESP_7,battery_PL,vul,2.502444768667997e-07
ESP_7,battery_US,co2,0.6294576475766591
ESP_7,battery_US,monetary,3.9405277802400906
ESP_7,battery_US,vul,1.22011561848548e-06
ESP_7,biogas_to_electricity_supply_BEL,co2,0.014224904205853216
ESP_7,biogas_to_electricity_supply_BEL,monetary,0.019255302225486333
ESP_7,biogas_to_electricity_supply_BEL,vul,0.0
ESP_7,biogas_to_electricity_supply_CAN,co2,0.00846838608465112
ESP_7,biogas_to_electricity_supply_CAN,monetary,0.0035266043013414683
ESP_7,biogas_to_electricity_supply_CAN,vul,0.0
ESP_7,biogas_to_electricity_supply_FR,co2,0.008495996178485139
ESP_7,biogas_to_electricity_supply_FR,monetary,0.0034931854262771392
ESP_7,biogas_to_electricity_supply_FR,vul,0.0
ESP_7,biogas_to_electricity_supply_FSM,co2,0.008772592504592554
ESP_7,biogas_to_electricity_supply_FSM,monetary,0.003895626618810287
ESP_7,biogas_to_electricity_supply_FSM,vul,0.0
ESP_7,biogas_to_electricity_supply_UK,co2,0.008428329195480802
ESP_7,biogas_to_electricity_supply_UK,monetary,0.003586166715316923
ESP_7,biogas_to_electricity_supply_UK,vul,0.0
ESP_7,biogas_to_electricity_supply_USA,co2,0.008499448434992505
ESP_7,biogas_to_electricity_supply_USA,monetary,0.0038733141706864954
ESP_7,biogas_to_electricity_supply_USA,vul,0.0
ESP_7,biomass_ESP,co2,0.0
ESP_7,biomass_ESP,monetary,0.0032512749575431964
ESP_7,biomass_ESP,vul,0.0
ESP_7,biomass_FR,co2,3.3783878841203966e-07
ESP_7,biomass_FR,monetary,0.0032407721270318905
ESP_7,biomass_FR,vul,0.0
ESP_7,biomass_IT,co2,1.017832698251069e-05
ESP_7,biomass_IT,monetary,0.0032308488745022615
ESP_7,biomass_IT,vul,0.0
ESP_7,existing_biogas_to_electricity_supply,monetary,2996.744553424658
ESP_7,existing_biomass,monetary,143704.48169863012
ESP_7,existing_ccgt,monetary,0.00498473217243978
ESP_7,existing_chp,monetary,0.0
ESP_7,existing_coal,monetary,0.0
ESP_7,existing_hydro_reservoir,monetary,831.7518101438233
ESP_7,existing_hydro_run_of_river,monetary,0.0
ESP_7,existing_nuclear,monetary,0.0
ESP_7,existing_oil_and_other,monetary,0.0
ESP_7,existing_open_field_pv,monetary,22687.780821917808
ESP_7,existing_pumped_hydro,monetary,0.0
ESP_7,existing_rooftop_pv,monetary,1084.3561643835617
ESP_7,existing_wind_onshore,monetary,1706603.8030958902
ESP_7,existing_wte,monetary,0.003092290374950924
ESP_7,open_field_pv_CN,co2,0.0011619820999808144
ESP_7,open_field_pv_CN,monetary,0.0032793647291545673
ESP_7,open_field_pv_CN,vul,0.0
ESP_7,open_field_pv_DE,co2,0.08327765737054266
ESP_7,open_field_pv_DE,monetary,0.18592397917571768
ESP_7,open_field_pv_DE,vul,0.0
ESP_7,open_field_pv_ESP,co2,0.0012460556544313921
ESP_7,open_field_pv_ESP,monetary,0.005043737698201899
ESP_7,open_field_pv_ESP,vul,0.0
ESP_7,open_field_pv_MY,co2,0.0402452642580936
ESP_7,open_field_pv_MY,monetary,0.0819458832444523
ESP_7,open_field_pv_MY,vul,0.0
ESP_7,open_field_pv_NL,co2,175760.64681447172
ESP_7,open_field_pv_NL,monetary,429378.95771597134
ESP_7,open_field_pv_NL,vul,0.028651177245818196
ESP_7,open_field_pv_PT,co2,0.018714884807239884
ESP_7,open_field_pv_PT,monetary,0.02992391487439259
ESP_7,open_field_pv_PT,vul,0.0
ESP_7,pumped_hydro_CN,co2,0.0
ESP_7,pumped_hydro_CN,monetary,0.0
ESP_7,pumped_hydro_CN,vulnerability,0.0
ESP_7,pumped_hydro_ESP,co2,0.0
ESP_7,pumped_hydro_ESP,monetary,0.0
ESP_7,pumped_hydro_ESP,vul,0.0
ESP_7,roof_mounted_pv_CN,co2,0.0012244593504209874
ESP_7,roof_mounted_pv_CN,monetary,0.002951366193541589
ESP_7,roof_mounted_pv_CN,vul,0.0
ESP_7,roof_mounted_pv_DE,co2,0.0018311773209348957
ESP_7,roof_mounted_pv_DE,monetary,0.0035163269298848355
ESP_7,roof_mounted_pv_DE,vul,0.0
ESP_7,roof_mounted_pv_ESP,co2,0.0006869488579204043
ESP_7,roof_mounted_pv_ESP,monetary,0.0026138961479999076
ESP_7,roof_mounted_pv_ESP,vul,0.0
ESP_7,roof_mounted_pv_MY,co2,0.001978696142953427
ESP_7,roof_mounted_pv_MY,monetary,0.0034764065556558772
ESP_7,roof_mounted_pv_MY,vul,0.0
ESP_7,roof_mounted_pv_NL,co2,0.0016953733829249522
ESP_7,roof_mounted_pv_NL,monetary,0.0035521727325898934
ESP_7,roof_mounted_pv_NL,vul,0.0
ESP_7,roof_mounted_pv_PT,co2,0.0024053412398049616
ESP_7,roof_mounted_pv_PT,monetary,0.0033514356879754885
ESP_7,roof_mounted_pv_PT,vul,0.0
ESP_7,wind_offshore_CN,co2,0.0
ESP_7,wind_offshore_CN,monetary,0.0
ESP_7,wind_offshore_CN,vul,0.0
ESP_7,wind_offshore_DE,co2,0.0
ESP_7,wind_offshore_DE,monetary,0.0
ESP_7,wind_offshore_DE,vul,0.0
ESP_7,wind_offshore_ESP,co2,0.0
ESP_7,wind_offshore_ESP,monetary,0.0
ESP_7,wind_offshore_ESP,vul,0.0
ESP_7,wind_offshore_FR,co2,0.0
ESP_7,wind_offshore_FR,monetary,0.0
ESP_7,wind_offshore_FR,vul,0.0
ESP_7,wind_offshore_IND,co2,0.0
ESP_7,wind_offshore_IND,monetary,0.0
ESP_7,wind_offshore_IND,vul,0.0
ESP_7,wind_offshore_NDL,co2,0.0
ESP_7,wind_offshore_NDL,monetary,0.0
ESP_7,wind_offshore_NDL,vul,0.0
ESP_7,wind_offshore_PT,co2,0.0
ESP_7,wind_offshore_PT,monetary,0.0
ESP_7,wind_offshore_PT,vul,0.0
ESP_7,wind_onshore_competing_CN,co2,0.0016160158876521312
ESP_7,wind_onshore_competing_CN,monetary,0.006746991225267323
ESP_7,wind_onshore_competing_CN,vul,0.0
ESP_7,wind_onshore_competing_DE,co2,0.0005955945267107033
ESP_7,wind_onshore_competing_DE,monetary,0.006719706284554337
ESP_7,wind_onshore_competing_DE,vul,0.0
ESP_7,wind_onshore_competing_ESP,co2,0.000505358539487371
ESP_7,wind_onshore_competing_ESP,monetary,0.004485398888530639
ESP_7,wind_onshore_competing_ESP,vul,0.0
ESP_7,wind_onshore_competing_FR,co2,0.0004547054366266708
ESP_7,wind_onshore_competing_FR,monetary,0.006722907094540394
ESP_7,wind_onshore_competing_FR,vul,0.0
ESP_7,wind_onshore_competing_IND,co2,0.0012807377536901768
ESP_7,wind_onshore_competing_IND,monetary,0.005285089314285299
ESP_7,wind_onshore_competing_IND,vul,0.0
ESP_7,wind_onshore_competing_NDL,co2,0.0002377071559067379
ESP_7,wind_onshore_competing_NDL,monetary,0.006749372495728725
ESP_7,wind_onshore_competing_NDL,vul,0.0
ESP_7,wind_onshore_competing_PT,co2,0.00041380678447850864
ESP_7,wind_onshore_competing_PT,monetary,0.006727446710069144
ESP_7,wind_onshore_competing_PT,vul,0.0
ESP_7,wind_onshore_monopoly_CN,co2,0.0011953657305254627
ESP_7,wind_onshore_monopoly_CN,monetary,0.004990744309177662
ESP_7,wind_onshore_monopoly_CN,vul,0.0
ESP_7,wind_onshore_monopoly_DE,co2,0.00043416556309380696
ESP_7,wind_onshore_monopoly_DE,monetary,0.004898408114948343
ESP_7,wind_onshore_monopoly_DE,vul,0.0
ESP_7,wind_onshore_monopoly_ESP,co2,0.00017154085181272778
ESP_7,wind_onshore_monopoly_ESP,monetary,0.0048706699750046675
ESP_7,wind_onshore_monopoly_ESP,vul,0.0
ESP_7,wind_onshore_monopoly_FR,co2,0.0003301270097394099
ESP_7,wind_onshore_monopoly_FR,monetary,0.004880991158455625
ESP_7,wind_onshore_monopoly_FR,vul,0.0
ESP_7,wind_onshore_monopoly_IND,co2,0.001210049629366552
ESP_7,wind_onshore_monopoly_IND,monetary,0.004993387871555724
ESP_7,wind_onshore_monopoly_IND,vul,0.0
ESP_7,wind_onshore_monopoly_NDL,co2,0.0006762714690836749
ESP_7,wind_onshore_monopoly_NDL,monetary,0.004845418025326015
ESP_7,wind_onshore_monopoly_NDL,vul,0.0
ESP_7,wind_onshore_monopoly_PT,co2,0.000299427080822862
ESP_7,wind_onshore_monopoly_PT,monetary,0.004867923401318687
ESP_7,wind_onshore_monopoly_PT,vul,0.0
ESP_8,ESP_2_ESP_8_techs_ac_ohl_transmission,monetary,95890.4109589041
ESP_8,ESP_7_ESP_8_ac_ohl_transmission,monetary,347602.73972602736
ESP_8,ESP_8_ESP_10_ac_ohl_transmission,monetary,159817.3515981735
ESP_8,ESP_8_ESP_9_ac_ohl_transmission,monetary,243721.4611872146
ESP_8,ESP_8_PRT_2_ac_ohl_transmission,monetary,35958.904109589035
ESP_8,battery_CN,co2,0.0015040049163770313
ESP_8,battery_CN,monetary,0.011490604771379677
ESP_8,battery_CN,vul,0.0
ESP_8,battery_CZ,co2,0.0017265072049049302
ESP_8,battery_CZ,monetary,0.011401261747977289
ESP_8,battery_CZ,vul,0.0
ESP_8,battery_ESP,co2,0.0001734916269100373
ESP_8,battery_ESP,monetary,0.010694456720072885
ESP_8,battery_ESP,vul,0.0
ESP_8,battery_HU,co2,0.0018986259682546424
ESP_8,battery_HU,monetary,0.011380387284869758
ESP_8,battery_HU,vul,0.0
ESP_8,battery_PL,co2,0.001753846802507375
ESP_8,battery_PL,monetary,0.011402493337344978
ESP_8,battery_PL,vul,0.0
ESP_8,battery_US,co2,0.0015923094025411307
ESP_8,battery_US,monetary,0.011505008813801653
ESP_8,battery_US,vul,0.0
ESP_8,biogas_to_electricity_supply_BEL,co2,0.0032599786812901365
ESP_8,biogas_to_electricity_supply_BEL,monetary,0.00441281528848924
ESP_8,biogas_to_electricity_supply_BEL,vul,0.0
ESP_8,biogas_to_electricity_supply_CAN,co2,0.007651558863349256
ESP_8,biogas_to_electricity_supply_CAN,monetary,0.0031864419181788645
ESP_8,biogas_to_electricity_supply_CAN,vul,0.0
ESP_8,biogas_to_electricity_supply_FR,co2,0.007755827934193977
ESP_8,biogas_to_electricity_supply_FR,monetary,0.003188860321882844
ESP_8,biogas_to_electricity_supply_FR,vul,0.0
ESP_8,biogas_to_electricity_supply_FSM,co2,0.007445244342314791
ESP_8,biogas_to_electricity_supply_FSM,monetary,0.0033061939248043622
ESP_8,biogas_to_electricity_supply_FSM,vul,0.0
ESP_8,biogas_to_electricity_supply_UK,co2,0.007441487740413069
ESP_8,biogas_to_electricity_supply_UK,monetary,0.00316627590453127
ESP_8,biogas_to_electricity_supply_UK,vul,0.0
ESP_8,biogas_to_electricity_supply_USA,co2,0.007243233041364235
ESP_8,biogas_to_electricity_supply_USA,monetary,0.003300839742164454
ESP_8,biogas_to_electricity_supply_USA,vul,0.0
ESP_8,biomass_ESP,co2,0.0
ESP_8,biomass_ESP,monetary,0.003054907069614031
ESP_8,biomass_ESP,vul,0.0
ESP_8,biomass_FR,co2,3.191620657197006e-07
ESP_8,biomass_FR,monetary,0.0030616127042488095
ESP_8,biomass_FR,vul,0.0
ESP_8,biomass_IT,co2,9.630158977996872e-06
ESP_8,biomass_IT,monetary,0.0030568469993940252
ESP_8,biomass_IT,vul,0.0
ESP_8,existing_biogas_to_electricity_supply,monetary,7112.652475616438
ESP_8,existing_biomass,monetary,344612.58942465746
ESP_8,existing_ccgt,monetary,0.0
ESP_8,existing_chp,monetary,466135.67123287666
ESP_8,existing_coal,monetary,0.0
ESP_8,existing_hydro_reservoir,monetary,3741.8333642769717
ESP_8,existing_hydro_run_of_river,monetary,113794.5205479452
ESP_8,existing_nuclear,monetary,0.004549022375651149
ESP_8,existing_oil_and_other,monetary,0.0
ESP_8,existing_open_field_pv,monetary,532475.3972602739
ESP_8,existing_pumped_hydro,monetary,68056.0
ESP_8,existing_rooftop_pv,monetary,25498.38356164383
ESP_8,existing_wind_onshore,monetary,0.0
ESP_8,existing_wte,monetary,0.0
ESP_8,open_field_pv_CN,co2,0.0008727049293460238
ESP_8,open_field_pv_CN,monetary,0.0024629620063027933
ESP_8,open_field_pv_CN,vul,0.0
ESP_8,open_field_pv_DE,co2,0.001745982192733994
ESP_8,open_field_pv_DE,monetary,0.0038980438102222
ESP_8,open_field_pv_DE,vul,0.0
ESP_8,open_field_pv_ESP,co2,0.0008211031936222912
ESP_8,open_field_pv_ESP,monetary,0.0033236309446198573
ESP_8,open_field_pv_ESP,vul,0.0
ESP_8,open_field_pv_MY,co2,0.0018894272783437887
ESP_8,open_field_pv_MY,monetary,0.0038471802833026708
ESP_8,open_field_pv_MY,vul,0.0
ESP_8,open_field_pv_NL,co2,0.0016434613401640373
ESP_8,open_field_pv_NL,monetary,0.004014935823665987
ESP_8,open_field_pv_NL,vul,0.0
ESP_8,open_field_pv_PT,co2,0.0023816601131112602
ESP_8,open_field_pv_PT,monetary,0.003808123598864323
ESP_8,open_field_pv_PT,vul,0.0
ESP_8,pumped_hydro_CN,co2,0.0006606250148890572
ESP_8,pumped_hydro_CN,monetary,0.009867573401751175
ESP_8,pumped_hydro_CN,vulnerability,0.0
ESP_8,pumped_hydro_ESP,co2,4.777617150877195e-06
ESP_8,pumped_hydro_ESP,monetary,0.003091870007061018
ESP_8,pumped_hydro_ESP,vul,0.0
ESP_8,roof_mounted_pv_CN,co2,0.0009960136214157392
ESP_8,roof_mounted_pv_CN,monetary,0.0024007337847047885
ESP_8,roof_mounted_pv_CN,vul,0.0
ESP_8,roof_mounted_pv_DE,co2,0.0012601970930370707
ESP_8,roof_mounted_pv_DE,monetary,0.0024198994409489975
ESP_8,roof_mounted_pv_DE,vul,0.0
ESP_8,roof_mounted_pv_ESP,co2,0.000605638031926469
ESP_8,roof_mounted_pv_ESP,monetary,0.0023045018569901616
ESP_8,roof_mounted_pv_ESP,vul,0.0
ESP_8,roof_mounted_pv_MY,co2,0.0013763010319840711
ESP_8,roof_mounted_pv_MY,monetary,0.0024180478378068933
ESP_8,roof_mounted_pv_MY,vul,0.0
ESP_8,roof_mounted_pv_NL,co2,0.0011561021982774528
ESP_8,roof_mounted_pv_NL,monetary,0.002422283342518531
ESP_8,roof_mounted_pv_NL,vul,0.0
ESP_8,roof_mounted_pv_PT,co2,0.0017287462868946304
ESP_8,roof_mounted_pv_PT,monetary,0.0024087151982741407
ESP_8,roof_mounted_pv_PT,vul,0.0
ESP_8,wind_offshore_CN,co2,0.0
ESP_8,wind_offshore_CN,monetary,0.0
ESP_8,wind_offshore_CN,vul,0.0
ESP_8,wind_offshore_DE,co2,0.0
ESP_8,wind_offshore_DE,monetary,0.0
ESP_8,wind_offshore_DE,vul,0.0
ESP_8,wind_offshore_ESP,co2,0.0
ESP_8,wind_offshore_ESP,monetary,0.0
ESP_8,wind_offshore_ESP,vul,0.0
ESP_8,wind_offshore_FR,co2,0.0
ESP_8,wind_offshore_FR,monetary,0.0
ESP_8,wind_offshore_FR,vul,0.0
ESP_8,wind_offshore_IND,co2,0.0
ESP_8,wind_offshore_IND,monetary,0.0
ESP_8,wind_offshore_IND,vul,0.0
ESP_8,wind_offshore_NDL,co2,0.0
ESP_8,wind_offshore_NDL,monetary,0.0
ESP_8,wind_offshore_NDL,vul,0.0
ESP_8,wind_offshore_PT,co2,0.0
ESP_8,wind_offshore_PT,monetary,0.0
ESP_8,wind_offshore_PT,vul,0.0
ESP_8,wind_onshore_competing_CN,co2,0.0012788554853076048
ESP_8,wind_onshore_competing_CN,monetary,0.005339320487926278
ESP_8,wind_onshore_competing_CN,vul,0.0
ESP_8,wind_onshore_competing_DE,co2,0.0004797861453560383
ESP_8,wind_onshore_competing_DE,monetary,0.005413115520044172
ESP_8,wind_onshore_competing_DE,vul,0.0
ESP_8,wind_onshore_competing_ESP,co2,0.000519332024252976
ESP_8,wind_onshore_competing_ESP,monetary,0.0046094230182111675
ESP_8,wind_onshore_competing_ESP,vul,0.0
ESP_8,wind_onshore_competing_FR,co2,0.00036682481340790616
ESP_8,wind_onshore_competing_FR,monetary,0.00542357522445514
ESP_8,wind_onshore_competing_FR,vul,0.0
ESP_8,wind_onshore_competing_IND,co2,0.0012334013220608319
ESP_8,wind_onshore_competing_IND,monetary,0.005089750910103948
ESP_8,wind_onshore_competing_IND,vul,0.0
ESP_8,wind_onshore_competing_NDL,co2,0.0001913584815189154
ESP_8,wind_onshore_competing_NDL,monetary,0.005433364709032606
ESP_8,wind_onshore_competing_NDL,vul,0.0
ESP_8,wind_onshore_competing_PT,co2,0.0003337407996671802
ESP_8,wind_onshore_competing_PT,monetary,0.005425777268408764
ESP_8,wind_onshore_competing_PT,vul,0.0
ESP_8,wind_onshore_monopoly_CN,co2,0.0011328156358111653
ESP_8,wind_onshore_monopoly_CN,monetary,0.004729592829540816
ESP_8,wind_onshore_monopoly_CN,vul,0.0
ESP_8,wind_onshore_monopoly_DE,co2,0.0004176792863558531
ESP_8,wind_onshore_monopoly_DE,monetary,0.004712404160182754
ESP_8,wind_onshore_monopoly_DE,vul,0.0
ESP_8,wind_onshore_monopoly_ESP,co2,0.00016628872997336136
ESP_8,wind_onshore_monopoly_ESP,monetary,0.0047215430942777635
ESP_8,wind_onshore_monopoly_ESP,vul,0.0
ESP_8,wind_onshore_monopoly_FR,co2,0.0003186580439585626
ESP_8,wind_onshore_monopoly_FR,monetary,0.004711420299600015
ESP_8,wind_onshore_monopoly_FR,vul,0.0
ESP_8,wind_onshore_monopoly_IND,co2,0.0011461427565747225
ESP_8,wind_onshore_monopoly_IND,monetary,0.004729669924982881
ESP_8,wind_onshore_monopoly_IND,vul,0.0
ESP_8,wind_onshore_monopoly_NDL,co2,0.0006539965556781153
ESP_8,wind_onshore_monopoly_NDL,monetary,0.004685820479278246
ESP_8,wind_onshore_monopoly_NDL,vul,0.0
ESP_8,wind_onshore_monopoly_PT,co2,0.0002898315297185731
ESP_8,wind_onshore_monopoly_PT,monetary,0.004711924125499174
ESP_8,wind_onshore_monopoly_PT,vul,0.0
ESP_9,ESP_8_ESP_9_ac_ohl_transmission,monetary,243721.4611872146
ESP_9,ESP_9_ESP_10_ac_ohl_transmission,monetary,323630.13698630134
ESP_9,ESP_9_PRT_2_ac_ohl_transmission,monetary,19977.168949771687
ESP_9,Trade_Markets_ESP_9_natural_gas_transmission,monetary,0.0
ESP_9,battery_CN,co2,0.006106812428907197
ESP_9,battery_CN,monetary,0.0390366149127986
ESP_9,battery_CN,vul,0.0
ESP_9,battery_CZ,co2,0.006720096093206999
ESP_9,battery_CZ,monetary,0.037070399697930016
ESP_9,battery_CZ,vul,0.0
ESP_9,battery_ESP,co2,0.0004333650951981895
ESP_9,battery_ESP,monetary,0.0225300029313628
ESP_9,battery_ESP,vul,0.0
ESP_9,battery_HU,co2,0.007156207871674169
ESP_9,battery_HU,monetary,0.03584179475753706
ESP_9,battery_HU,vul,0.0
ESP_9,battery_PL,co2,0.006793235438313645
ESP_9,battery_PL,monetary,0.036899124545399876
ESP_9,battery_PL,vul,0.0
ESP_9,battery_US,co2,0.006366383589070976
ESP_9,battery_US,monetary,0.03851117602776379
ESP_9,battery_US,vul,0.0
ESP_9,biogas_to_electricity_supply_BEL,co2,0.012583470910595614
ESP_9,biogas_to_electricity_supply_BEL,monetary,0.01703340366464008
ESP_9,biogas_to_electricity_supply_BEL,vul,0.0
ESP_9,biogas_to_electricity_supply_CAN,co2,0.008091484878843869
ESP_9,biogas_to_electricity_supply_CAN,monetary,0.00336964624578118
ESP_9,biogas_to_electricity_supply_CAN,vul,0.0
ESP_9,biogas_to_electricity_supply_FR,co2,0.008144915885959612
ESP_9,biogas_to_electricity_supply_FR,monetary,0.003348836425225452
ESP_9,biogas_to_electricity_supply_FR,vul,0.0
ESP_9,biogas_to_electricity_supply_FSM,co2,0.008215867979398012
ESP_9,biogas_to_electricity_supply_FSM,monetary,0.0036484031351528634
ESP_9,biogas_to_electricity_supply_FSM,vul,0.0
ESP_9,biogas_to_electricity_supply_UK,co2,0.007969515359517697
ESP_9,biogas_to_electricity_supply_UK,monetary,0.003390946183596353
ESP_9,biogas_to_electricity_supply_UK,vul,0.0
ESP_9,biogas_to_electricity_supply_USA,co2,0.007969117380125148
ESP_9,biogas_to_electricity_supply_USA,monetary,0.003631635101075825
ESP_9,biogas_to_electricity_supply_USA,vul,0.0
ESP_9,biomass_ESP,co2,0.0
ESP_9,biomass_ESP,monetary,0.0031941755332906374
ESP_9,biomass_ESP,vul,0.0
ESP_9,biomass_FR,co2,3.3200182850141933e-07
ESP_9,biomass_FR,monetary,0.003184780163901032
ESP_9,biomass_FR,vul,0.0
ESP_9,biomass_IT,co2,9.992515586263042e-06
ESP_9,biomass_IT,monetary,0.003171867811949649
ESP_9,biomass_IT,vul,0.0
ESP_9,existing_biogas_to_electricity_supply,monetary,28396.640095342467
ESP_9,existing_biomass,monetary,1361715.492986301
ESP_9,existing_ccgt,monetary,0.004437473644752927
ESP_9,existing_chp,monetary,3588545.464986301
ESP_9,existing_coal,monetary,0.006009167379636839
ESP_9,existing_hydro_reservoir,monetary,0.010804066062400879
ESP_9,existing_hydro_run_of_river,monetary,793931.506849315
ESP_9,existing_nuclear,monetary,0.0
ESP_9,existing_oil_and_other,monetary,0.0
ESP_9,existing_open_field_pv,monetary,313522.8493150685
ESP_9,existing_pumped_hydro,monetary,132849.0410958904
ESP_9,existing_rooftop_pv,monetary,15016.273972602738
ESP_9,existing_wind_onshore,monetary,1494679.0919726025
ESP_9,existing_wte,monetary,0.003098358272506463
ESP_9,open_field_pv_CN,co2,0.0009591020047385818
ESP_9,open_field_pv_CN,monetary,0.0027067932337796544
ESP_9,open_field_pv_CN,vul,0.0
ESP_9,open_field_pv_DE,co2,0.07117832095148385
ESP_9,open_field_pv_DE,monetary,0.15891125039051993
ESP_9,open_field_pv_DE,vul,0.0
ESP_9,open_field_pv_ESP,co2,0.0011283971364976983
ESP_9,open_field_pv_ESP,monetary,0.004567483928712335
ESP_9,open_field_pv_ESP,vul,0.0
ESP_9,open_field_pv_MY,co2,0.033494424441204235
ESP_9,open_field_pv_MY,monetary,0.06820007882162353
ESP_9,open_field_pv_MY,vul,0.0
ESP_9,open_field_pv_NL,co2,104361.21791248431
ESP_9,open_field_pv_NL,monetary,254951.9006978431
ESP_9,open_field_pv_NL,vul,0.01701217995150123
ESP_9,open_field_pv_PT,co2,0.015443791535184472
ESP_9,open_field_pv_PT,monetary,0.024693644016336447
ESP_9,open_field_pv_PT,vul,0.0
ESP_9,pumped_hydro_CN,co2,0.011161038761180906
ESP_9,pumped_hydro_CN,monetary,0.16670935361755534
ESP_9,pumped_hydro_CN,vulnerability,9.561061843947544e-07
ESP_9,pumped_hydro_ESP,co2,5.314225050112416e-06
ESP_9,pumped_hydro_ESP,monetary,0.00343913974777115
ESP_9,pumped_hydro_ESP,vul,0.0
ESP_9,roof_mounted_pv_CN,co2,0.0010255849517955054
ESP_9,roof_mounted_pv_CN,monetary,0.002472010813828609
ESP_9,roof_mounted_pv_CN,vul,0.0
ESP_9,roof_mounted_pv_DE,co2,0.0013419911510015286
ESP_9,roof_mounted_pv_DE,monetary,0.002576964868440282
ESP_9,roof_mounted_pv_DE,vul,0.0
ESP_9,roof_mounted_pv_ESP,co2,0.0006231288437616507
ESP_9,roof_mounted_pv_ESP,monetary,0.0023710558153441767
ESP_9,roof_mounted_pv_ESP,vul,0.0
ESP_9,roof_mounted_pv_MY,co2,0.0014630400972185811
ESP_9,roof_mounted_pv_MY,monetary,0.0025704412490370945
ESP_9,roof_mounted_pv_MY,vul,0.0
ESP_9,roof_mounted_pv_NL,co2,0.00123310100802772
ESP_9,roof_mounted_pv_NL,monetary,0.0025836124486561395
ESP_9,roof_mounted_pv_NL,vul,0.0
ESP_9,roof_mounted_pv_PT,co2,0.0018269825397730774
ESP_9,roof_mounted_pv_PT,monetary,0.0025455907809571647
ESP_9,roof_mounted_pv_PT,vul,0.0
ESP_9,wind_offshore_CN,co2,0.0
ESP_9,wind_offshore_CN,monetary,0.0
ESP_9,wind_offshore_CN,vul,0.0
ESP_9,wind_offshore_DE,co2,0.0
ESP_9,wind_offshore_DE,monetary,0.0
ESP_9,wind_offshore_DE,vul,0.0
ESP_9,wind_offshore_ESP,co2,0.0
ESP_9,wind_offshore_ESP,monetary,0.0
ESP_9,wind_offshore_ESP,vul,0.0
ESP_9,wind_offshore_FR,co2,0.0
ESP_9,wind_offshore_FR,monetary,0.0
ESP_9,wind_offshore_FR,vul,0.0
ESP_9,wind_offshore_IND,co2,0.0
ESP_9,wind_offshore_IND,monetary,0.0
ESP_9,wind_offshore_IND,vul,0.0
ESP_9,wind_offshore_NDL,co2,0.0
ESP_9,wind_offshore_NDL,monetary,0.0
ESP_9,wind_offshore_NDL,vul,0.0
ESP_9,wind_offshore_PT,co2,0.0
ESP_9,wind_offshore_PT,monetary,0.0
ESP_9,wind_offshore_PT,vul,0.0
ESP_9,wind_onshore_competing_CN,co2,0.0014189160583062365
ESP_9,wind_onshore_competing_CN,monetary,0.00592408420482304
ESP_9,wind_onshore_competing_CN,vul,0.0
ESP_9,wind_onshore_competing_DE,co2,0.000530945241192935
ESP_9,wind_onshore_competing_DE,monetary,0.005990310377266715
ESP_9,wind_onshore_competing_DE,vul,0.0
ESP_9,wind_onshore_competing_ESP,co2,0.0005157982725214448
ESP_9,wind_onshore_competing_ESP,monetary,0.004578058581181902
ESP_9,wind_onshore_competing_ESP,vul,0.0
ESP_9,wind_onshore_competing_FR,co2,0.0004057988271328162
ESP_9,wind_onshore_competing_FR,monetary,0.005999813492723393
ESP_9,wind_onshore_competing_FR,vul,0.0
ESP_9,wind_onshore_competing_IND,co2,0.0013174677611454896
ESP_9,wind_onshore_competing_IND,monetary,0.0054366592741434926
ESP_9,wind_onshore_competing_IND,vul,0.0
ESP_9,wind_onshore_competing_NDL,co2,0.00021149766481544762
ESP_9,wind_onshore_competing_NDL,monetary,0.006005189521413867
ESP_9,wind_onshore_competing_NDL,vul,0.0
ESP_9,wind_onshore_competing_PT,co2,0.00036923929203935965
ESP_9,wind_onshore_competing_PT,monetary,0.006002892542201564
ESP_9,wind_onshore_competing_PT,vul,0.0
ESP_9,wind_onshore_monopoly_CN,co2,0.0011963869181941728
ESP_9,wind_onshore_monopoly_CN,monetary,0.004995007846617351
ESP_9,wind_onshore_monopoly_CN,vul,0.0
ESP_9,wind_onshore_monopoly_DE,co2,0.0004431450711866021
ESP_9,wind_onshore_monopoly_DE,monetary,0.0049997180737496785
ESP_9,wind_onshore_monopoly_DE,vul,0.0
ESP_9,wind_onshore_monopoly_ESP,co2,0.0001767239111292489
ESP_9,wind_onshore_monopoly_ESP,monetary,0.005017835919005037
ESP_9,wind_onshore_monopoly_ESP,vul,0.0
ESP_9,wind_onshore_monopoly_FR,co2,0.0003382602317116543
ESP_9,wind_onshore_monopoly_FR,monetary,0.005001242405294283
ESP_9,wind_onshore_monopoly_FR,vul,0.0
ESP_9,wind_onshore_monopoly_IND,co2,0.0012103433585452718
ESP_9,wind_onshore_monopoly_IND,monetary,0.0049945999736736415
ESP_9,wind_onshore_monopoly_IND,vul,0.0
ESP_9,wind_onshore_monopoly_NDL,co2,0.000680693405622354
ESP_9,wind_onshore_monopoly_NDL,monetary,0.004877100762201482
ESP_9,wind_onshore_monopoly_NDL,vul,0.0
ESP_9,wind_onshore_monopoly_PT,co2,0.00030766075276177784
ESP_9,wind_onshore_monopoly_PT,monetary,0.005001781982847393
ESP_9,wind_onshore_monopoly_PT,vul,0.0
FRA_1,ESP_4_FRA_1_ac_ohl_mountain_transmission,monetary,117808.21917808219
FRA_1,ESP_4_FRA_1_dc_subsea_transmission,monetary,430136.98630136985
FRA_1,ESP_4_FRA_1_dc_underground_transmission,monetary,603310.502283105
FRA_1,ESP_5_FRA_1_ac_ohl_transmission,monetary,3995.4337899543375
FRA_1,el_import_FR,co2,0.00709323202035639
FRA_1,el_import_FR,monetary,0.0027750714746306577
FRA_1,el_import_FR,vul,0.0
FRA_2,ESP_6_FRA_2_ac_ohl_mountain_transmission,monetary,117808.21917808219
FRA_2,ESP_6_FRA_2_dc_underground_transmission,monetary,137899.54337899544
FRA_2,el_import_FR,co2,0.006190867818155366
FRA_2,el_import_FR,monetary,0.002422041269208152
FRA_2,el_import_FR,vul,0.0
FRA_3,ESP_6_FRA_3_dc_subsea_transmission,monetary,150547.94520547945
FRA_3,ESP_9_MA_dc_subsea_transmission,monetary,0.0
FRA_3,el_import_FR,co2,0.0
FRA_3,el_import_FR,monetary,0.0
FRA_3,el_import_FR,vul,0.0
MA,el_import_MA,co2,0.0
MA,el_import_MA,monetary,0.0
MA,el_import_MA,vul,0.0
PRT_1,ESP_1_PRT_1_ac_ohl_transmission,monetary,47945.20547945205
PRT_1,ESP_2_PRT_1_ac_ohl_transmission,monetary,37956.62100456621
PRT_1,PRT_1_PRT_2_ac_ohl_transmission,monetary,0.011584769420557361
PRT_1,el_import_PT,co2,45.07874674514621
PRT_1,el_import_PT,monetary,0.03244742696308725
PRT_1,el_import_PT,vul,0.0
PRT_2,ESP_8_PRT_2_ac_ohl_transmission,monetary,35958.904109589035
PRT_2,ESP_9_PRT_2_ac_ohl_transmission,monetary,19977.168949771687
PRT_2,PRT_1_PRT_2_ac_ohl_transmission,monetary,0.011584769420557361
PRT_2,el_import_PT,co2,57.50227253446374
PRT_2,el_import_PT,monetary,0.04138981056465256
PRT_2,el_import_PT,vul,0.0
Trade_Markets,Trade_Markets_ESP_10_natural_gas_transmission,monetary,0.0
Trade_Markets,Trade_Markets_ESP_11_natural_gas_transmission,monetary,0.0
Trade_Markets,Trade_Markets_ESP_11_oil_fuel_transmission,monetary,0.0
Trade_Markets,Trade_Markets_ESP_1_natural_gas_transmission,monetary,0.0
Trade_Markets,Trade_Markets_ESP_2_natural_gas_transmission,monetary,0.0
Trade_Markets,Trade_Markets_ESP_2_oil_fuel_transmission,monetary,0.0
Trade_Markets,Trade_Markets_ESP_3_natural_gas_transmission,monetary,0.0
Trade_Markets,Trade_Markets_ESP_4_natural_gas_transmission,monetary,0.0
Trade_Markets,Trade_Markets_ESP_5_natural_gas_transmission,monetary,0.0
Trade_Markets,Trade_Markets_ESP_6_natural_gas_transmission,monetary,0.0
Trade_Markets,Trade_Markets_ESP_6_oil_fuel_transmission,monetary,0.0
Trade_Markets,Trade_Markets_ESP_7_natural_gas_transmission,monetary,0.0
Trade_Markets,Trade_Markets_ESP_9_natural_gas_transmission,monetary,0.0
Trade_Markets,coal_AUS,co2,0.0031344650074043847
Trade_Markets,coal_AUS,monetary,0.0011845498863444065
Trade_Markets,coal_AUS,vul,0.0001177484976485493
Trade_Markets,coal_COL,co2,0.0028922219217049037
Trade_Markets,coal_COL,monetary,0.0010930988633424316
Trade_Markets,coal_COL,vul,0.00015482986732895637
Trade_Markets,coal_ITA,co2,0.0029371640006193842
Trade_Markets,coal_ITA,monetary,0.0011117732348538444
Trade_Markets,coal_ITA,vul,0.00015313680920851856
Trade_Markets,coal_RUS,co2,0.003015427133168749
Trade_Markets,coal_RUS,monetary,0.0011417051782926636
Trade_Markets,coal_RUS,vul,0.00015062073592251495
Trade_Markets,coal_USA,co2,0.0034112298140480902
Trade_Markets,coal_USA,monetary,0.001290623445461017
Trade_Markets,coal_USA,vul,0.000103747865390757
Trade_Markets,natural_gas_DEU,co2,0.005964068990026446
Trade_Markets,natural_gas_DEU,monetary,0.0022555189280321817
Trade_Markets,natural_gas_DEU,vul,2.265123049763177e-06
Trade_Markets,natural_gas_DNK,co2,0.007213764006763751
Trade_Markets,natural_gas_DNK,monetary,0.002728553415110641
Trade_Markets,natural_gas_DNK,vul,0.00015091556499505758
Trade_Markets,natural_gas_DZA,co2,1405061.1808399172
Trade_Markets,natural_gas_DZA,monetary,531466.9502968888
Trade_Markets,natural_gas_DZA,vul,73104.1197107137
Trade_Markets,natural_gas_NOR,co2,0.13544620586631664
Trade_Markets,natural_gas_NOR,monetary,0.051218580365359416
Trade_Markets,natural_gas_NOR,vul,0.006820050647850789
Trade_Markets,natural_gas_PT,co2,0.007046015998047681
Trade_Markets,natural_gas_PT,monetary,0.002665747422248957
Trade_Markets,natural_gas_PT,vul,0.00014108962751397045
Trade_Markets,natural_gas_liquid_DZA,co2,0.02788620030263654
Trade_Markets,natural_gas_liquid_DZA,monetary,0.00954583084844611
Trade_Markets,natural_gas_liquid_DZA,vul,0.0011048415333849663
Trade_Markets,natural_gas_liquid_NGA,co2,0.014147427101261444
Trade_Markets,natural_gas_liquid_NGA,monetary,0.005349691784228848
Trade_Markets,natural_gas_liquid_NGA,vul,0.0005224308383035985
Trade_Markets,natural_gas_liquid_QAT,co2,0.0
Trade_Markets,natural_gas_liquid_QAT,monetary,0.0
Trade_Markets,natural_gas_liquid_QAT,vul,0.0
Trade_Markets,natural_gas_liquid_RUS,co2,0.00995082748541795
Trade_Markets,natural_gas_liquid_RUS,monetary,0.0037647002742345003
Trade_Markets,natural_gas_liquid_RUS,vul,0.0002945774862468309
Trade_Markets,natural_gas_liquid_USA,co2,0.007246780760509119
Trade_Markets,natural_gas_liquid_USA,monetary,0.0027404562993999498
Trade_Markets,natural_gas_liquid_USA,vul,0.0001527567613935311
Trade_Markets,oil_LBY,co2,0.013956019936796876
Trade_Markets,oil_LBY,monetary,0.0052746598427791305
Trade_Markets,oil_LBY,vul,0.00035784666504607386
Trade_Markets,oil_MEX,co2,0.01870430968036806
Trade_Markets,oil_MEX,monetary,0.007084965788018201
Trade_Markets,oil_MEX,vul,0.0005667972630414563
Trade_Markets,oil_NGA,co2,0.013500318812777036
Trade_Markets,oil_NGA,monetary,0.0051038611770997475
Trade_Markets,oil_NGA,vul,0.00033666630455803076
Trade_Markets,oil_SA,co2,0.014261081989369206
Trade_Markets,oil_SA,monetary,0.005394474064944256
Trade_Markets,oil_SA,vul,0.0003725465514464266
Trade_Markets,oil_USA,co2,0.012885951165675529
Trade_Markets,oil_USA,monetary,0.004872941952494371
Trade_Markets,oil_USA,vul,0.00030724728578148606
Trade_Markets,uranium_UK,co2,0.5507020515766546
Trade_Markets,uranium_UK,monetary,0.20995515716359947
Trade_Markets,uranium_UK,vul,0.573647970392349
Trade_Markets,uranium_USA,co2,454510.53402485844
Trade_Markets,uranium_USA,monetary,177851.9480966837
Trade_Markets,uranium_USA,vul,494033.1891574549
