nodes,techs,costs,cost_operation_fixed
ESP_1,Trade_Markets_ESP_1_natural_gas_transmission,monetary,0.0
ESP_1,battery_CN,monetary,0.04300476629873577
ESP_1,battery_CZ,monetary,0.039857993003402696
ESP_1,battery_ESP,monetary,0.019253029540985303
ESP_1,battery_HU,monetary,0.03774494522993281
ESP_1,battery_PL,monetary,0.039523070839231234
ESP_1,battery_US,monetary,0.04184716119496364
ESP_1,biogas_to_electricity_supply_BEL,monetary,0.005081268654306801
ESP_1,biogas_to_electricity_supply_CAN,monetary,0.00023797229246441166
ESP_1,biogas_to_electricity_supply_FR,monetary,0.00020528690060333716
ESP_1,biogas_to_electricity_supply_FSM,monetary,0.00040777162998277506
ESP_1,biogas_to_electricity_supply_UK,monetary,0.0002937492167894216
ESP_1,biogas_to_electricity_supply_USA,monetary,0.0003957288047620473
ESP_1,biomass_ESP,monetary,0.0026304325885840433
ESP_1,biomass_FR,monetary,0.00263251825988148
ESP_1,biomass_IT,monetary,0.002629199901966634
ESP_1,existing_biogas_to_electricity_supply,monetary,7325.6911879452055
ESP_1,existing_biomass,monetary,351297.5621917807
ESP_1,existing_ccgt,monetary,0.004007531145670675
ESP_1,existing_chp,monetary,1166038.381589041
ESP_1,existing_coal,monetary,0.0036189381823554076
ESP_1,existing_hydro_run_of_river,monetary,966817.8082191779
ESP_1,existing_nuclear,monetary,0.0
ESP_1,existing_oil_and_other,monetary,0.0
ESP_1,existing_open_field_pv,monetary,6215.013698630137
ESP_1,existing_pumped_hydro,monetary,119703.97808219178
ESP_1,existing_rooftop_pv,monetary,297.39726027397256
ESP_1,existing_wind_onshore,monetary,1719730.8369863012
ESP_1,existing_wte,monetary,0.003019366605319312
ESP_1,open_field_pv_CN,monetary,0.0015403751098180688
ESP_1,open_field_pv_DE,monetary,0.010567848115910697
ESP_1,open_field_pv_ESP,monetary,0.0013686334082535037
ESP_1,open_field_pv_MY,monetary,0.009650326774542067
ESP_1,open_field_pv_NL,monetary,0.01150150909169729
ESP_1,open_field_pv_PT,monetary,0.007434786855862857
ESP_1,pumped_hydro_CN,monetary,2.1962011494397977
ESP_1,pumped_hydro_ESP,monetary,0.0028524337986020405
ESP_1,roof_mounted_pv_CN,monetary,0.0015495528293195933
ESP_1,roof_mounted_pv_DE,monetary,0.0014757138457679132
ESP_1,roof_mounted_pv_ESP,monetary,0.0005460997900812986
ESP_1,roof_mounted_pv_MY,monetary,0.00143924830603451
ESP_1,roof_mounted_pv_NL,monetary,0.0015085657576810881
ESP_1,roof_mounted_pv_PT,monetary,0.0013280698197344419
ESP_1,wind_offshore_CN,monetary,0.003918818970894581
ESP_1,wind_offshore_DE,monetary,0.004068101795611045
ESP_1,wind_offshore_ESP,monetary,5.487661096131969e-05
ESP_1,wind_offshore_FR,monetary,0.00408832680319199
ESP_1,wind_offshore_IND,monetary,0.003915962503228261
ESP_1,wind_offshore_NDL,monetary,0.004119290720334524
ESP_1,wind_offshore_PT,monetary,0.004094203650359878
ESP_1,wind_onshore_competing_CN,monetary,0.007402586124648507
ESP_1,wind_onshore_competing_DE,monetary,0.008000953645808695
ESP_1,wind_onshore_competing_ESP,monetary,3.7196423858902506e-05
ESP_1,wind_onshore_competing_FR,monetary,0.008084898660918332
ESP_1,wind_onshore_competing_IND,monetary,0.0037684308639708013
ESP_1,wind_onshore_competing_NDL,monetary,0.008215043002112336
ESP_1,wind_onshore_competing_PT,monetary,0.008109440445342687
ESP_1,wind_onshore_monopoly_CN,monetary,0.003940454475319019
ESP_1,wind_onshore_monopoly_DE,monetary,0.004228606816648639
ESP_1,wind_onshore_monopoly_ESP,monetary,0.0043317968301637465
ESP_1,wind_onshore_monopoly_FR,monetary,0.004269097676211876
ESP_1,wind_onshore_monopoly_IND,monetary,0.003935118108543321
ESP_1,wind_onshore_monopoly_NDL,monetary,0.003084317695486834
ESP_1,wind_onshore_monopoly_PT,monetary,0.004280930773530114
ESP_10,Trade_Markets_ESP_10_natural_gas_transmission,monetary,0.0
ESP_10,battery_CN,monetary,19036.222711880917
ESP_10,battery_CZ,monetary,0.5063769536324975
ESP_10,battery_ESP,monetary,0.03544094220967726
ESP_10,battery_HU,monetary,0.28854899866537304
ESP_10,battery_PL,monetary,0.45366759247175625
ESP_10,battery_US,monetary,1.5111271600753986
ESP_10,biogas_to_electricity_supply_BEL,monetary,0.00928843812695525
ESP_10,biogas_to_electricity_supply_CAN,monetary,0.00023973186245549477
ESP_10,biogas_to_electricity_supply_FR,monetary,0.00020662173041985954
ESP_10,biogas_to_electricity_supply_FSM,monetary,0.0004132314520230231
ESP_10,biogas_to_electricity_supply_UK,monetary,0.00029642739961926513
ESP_10,biogas_to_electricity_supply_USA,monetary,0.0004008275007115483
ESP_10,biomass_ESP,monetary,0.002623055650211041
ESP_10,biomass_FR,monetary,0.002625133298239732
ESP_10,biomass_IT,monetary,0.002621827703665256
ESP_10,existing_biogas_to_electricity_supply,monetary,587.9868460273973
ESP_10,existing_biomass,monetary,28175.589917808215
ESP_10,existing_ccgt,monetary,0.004356272887026293
ESP_10,existing_chp,monetary,1894841.5035616437
ESP_10,existing_coal,monetary,0.0
ESP_10,existing_hydro_run_of_river,monetary,99328.76712328767
ESP_10,existing_nuclear,monetary,0.0
ESP_10,existing_oil_and_other,monetary,0.0
ESP_10,existing_open_field_pv,monetary,156750.24657534246
ESP_10,existing_pumped_hydro,monetary,0.0
ESP_10,existing_rooftop_pv,monetary,7508.136986301369
ESP_10,existing_wind_onshore,monetary,118047.6184109589
ESP_10,existing_wte,monetary,0.002702195534843906
ESP_10,open_field_pv_CN,monetary,0.0015818030055644626
ESP_10,open_field_pv_DE,monetary,0.14061310833552576
ESP_10,open_field_pv_ESP,monetary,0.001405138105919006
ESP_10,open_field_pv_MY,monetary,0.05968564457002921
ESP_10,open_field_pv_NL,monetary,310642.5439435047
ESP_10,open_field_pv_PT,monetary,0.019228491080776035
ESP_10,pumped_hydro_CN,monetary,0.0
ESP_10,pumped_hydro_ESP,monetary,0.0
ESP_10,roof_mounted_pv_CN,monetary,0.0018531099807141138
ESP_10,roof_mounted_pv_DE,monetary,0.0017546000219782168
ESP_10,roof_mounted_pv_ESP,monetary,0.0006152303495951932
ESP_10,roof_mounted_pv_MY,monetary,0.0017078787589887676
ESP_10,roof_mounted_pv_NL,monetary,0.0017968515484696052
ESP_10,roof_mounted_pv_PT,monetary,0.001566433660592966
ESP_10,wind_offshore_CN,monetary,0.00507597236240643
ESP_10,wind_offshore_DE,monetary,0.005300772855021113
ESP_10,wind_offshore_ESP,monetary,5.604820140948588e-05
ESP_10,wind_offshore_FR,monetary,0.00533143076210088
ESP_10,wind_offshore_IND,monetary,0.005071696460610831
ESP_10,wind_offshore_NDL,monetary,0.005378465355306654
ESP_10,wind_offshore_PT,monetary,0.005340348503594441
ESP_10,wind_onshore_competing_CN,monetary,0.005229249674674987
ESP_10,wind_onshore_competing_DE,monetary,0.005685792262228623
ESP_10,wind_onshore_competing_ESP,monetary,3.146589896546855e-05
ESP_10,wind_onshore_competing_FR,monetary,0.005751282784220281
ESP_10,wind_onshore_competing_IND,monetary,0.0038111855335777396
ESP_10,wind_onshore_competing_NDL,monetary,0.005853363905043955
ESP_10,wind_onshore_competing_PT,monetary,0.005770485283602012
ESP_10,wind_onshore_monopoly_CN,monetary,0.004022589539261418
ESP_10,wind_onshore_monopoly_DE,monetary,0.00433875860776387
ESP_10,wind_onshore_monopoly_ESP,monetary,0.0044530892449860275
ESP_10,wind_onshore_monopoly_FR,monetary,0.004383554492054226
ESP_10,wind_onshore_monopoly_IND,monetary,0.004016774234979849
ESP_10,wind_onshore_monopoly_NDL,monetary,0.0031065902365922634
ESP_10,wind_onshore_monopoly_PT,monetary,0.0043966628185413996
ESP_11,Trade_Markets_ESP_11_natural_gas_transmission,monetary,0.0
ESP_11,Trade_Markets_ESP_11_oil_fuel_transmission,monetary,0.0
ESP_11,battery_CN,monetary,0.004433304067833716
ESP_11,battery_CZ,monetary,0.004376364963137314
ESP_11,battery_ESP,monetary,0.003758645913906135
ESP_11,battery_HU,monetary,0.00433441931455721
ESP_11,battery_PL,monetary,0.00436993032071237
ESP_11,battery_US,monetary,0.004413069373359049
ESP_11,biogas_to_electricity_supply_BEL,monetary,0.006432583850072663
ESP_11,biogas_to_electricity_supply_CAN,monetary,0.0002336284691910299
ESP_11,biogas_to_electricity_supply_FR,monetary,0.00020192565553458217
ESP_11,biogas_to_electricity_supply_FSM,monetary,0.00039659129220384425
ESP_11,biogas_to_electricity_supply_UK,monetary,0.00028747098097988766
ESP_11,biogas_to_electricity_supply_USA,monetary,0.0003851181108000939
ESP_11,biomass_ESP,monetary,0.0025686466769910495
ESP_11,biomass_FR,monetary,0.0025706537463220627
ESP_11,biomass_IT,monetary,0.0025674604266543244
ESP_11,existing_biogas_to_electricity_supply,monetary,977.1375605479452
ESP_11,existing_biomass,monetary,46839.6749589041
ESP_11,existing_ccgt,monetary,0.0038464114219860044
ESP_11,existing_chp,monetary,1703708.398268493
ESP_11,existing_coal,monetary,0.0
ESP_11,existing_hydro_run_of_river,monetary,219452.05479452052
ESP_11,existing_nuclear,monetary,4437416.82410959
ESP_11,existing_oil_and_other,monetary,0.0033316398726507043
ESP_11,existing_open_field_pv,monetary,124643.06849315067
ESP_11,existing_pumped_hydro,monetary,344090.66986301367
ESP_11,existing_rooftop_pv,monetary,5970.821917808219
ESP_11,existing_wind_onshore,monetary,536042.6378082192
ESP_11,existing_wte,monetary,0.0028174584001253843
ESP_11,open_field_pv_CN,monetary,0.0015786338346866044
ESP_11,open_field_pv_DE,monetary,0.08758956751996376
ESP_11,open_field_pv_ESP,monetary,0.0012579811541165332
ESP_11,open_field_pv_MY,monetary,0.038079895250542256
ESP_11,open_field_pv_NL,monetary,499817.175842792
ESP_11,open_field_pv_PT,monetary,0.013140221600964124
ESP_11,pumped_hydro_CN,monetary,0.00637504141716449
ESP_11,pumped_hydro_ESP,monetary,0.0027702690716959475
ESP_11,roof_mounted_pv_CN,monetary,0.0016725677955024465
ESP_11,roof_mounted_pv_DE,monetary,0.0015919971197962464
ESP_11,roof_mounted_pv_ESP,monetary,0.0005912894399052153
ESP_11,roof_mounted_pv_MY,monetary,0.0015522473240097614
ESP_11,roof_mounted_pv_NL,monetary,0.0016278666769330536
ESP_11,roof_mounted_pv_PT,monetary,0.0014314603600691516
ESP_11,wind_offshore_CN,monetary,0.0041771989637285675
ESP_11,wind_offshore_DE,monetary,0.004344346171764935
ESP_11,wind_offshore_ESP,monetary,5.500751291475149e-05
ESP_11,wind_offshore_FR,monetary,0.004367046923217213
ESP_11,wind_offshore_IND,monetary,0.004174007502480439
ESP_11,wind_offshore_NDL,monetary,0.0044018318108026665
ESP_11,wind_offshore_PT,monetary,0.004373645801953864
ESP_11,wind_onshore_competing_CN,monetary,0.006250795166648336
ESP_11,wind_onshore_competing_DE,monetary,0.006823618828735789
ESP_11,wind_onshore_competing_ESP,monetary,3.221241418237736e-05
ESP_11,wind_onshore_competing_FR,monetary,0.0069064262450328935
ESP_11,wind_onshore_competing_IND,monetary,0.004081638130818244
ESP_11,wind_onshore_competing_NDL,monetary,0.007035779930343942
ESP_11,wind_onshore_competing_PT,monetary,0.006930735388300603
ESP_11,wind_onshore_monopoly_CN,monetary,0.004316625911078059
ESP_11,wind_onshore_monopoly_DE,monetary,0.004693123908298682
ESP_11,wind_onshore_monopoly_ESP,monetary,0.004831077821156137
ESP_11,wind_onshore_monopoly_FR,monetary,0.004747054009182474
ESP_11,wind_onshore_monopoly_IND,monetary,0.004309769864565524
ESP_11,wind_onshore_monopoly_NDL,monetary,0.0032641954326625717
ESP_11,wind_onshore_monopoly_PT,monetary,0.004762863908487537
ESP_2,Trade_Markets_ESP_2_natural_gas_transmission,monetary,0.0
ESP_2,Trade_Markets_ESP_2_oil_fuel_transmission,monetary,0.0
ESP_2,battery_CN,monetary,0.015826095797012697
ESP_2,battery_CZ,monetary,0.015174516223600509
ESP_2,battery_ESP,monetary,0.009750111229256654
ESP_2,battery_HU,monetary,0.014713030084737842
ESP_2,battery_PL,monetary,0.01510273153397622
ESP_2,battery_US,monetary,0.015591053575636903
ESP_2,biogas_to_electricity_supply_BEL,monetary,0.003930050085822672
ESP_2,biogas_to_electricity_supply_CAN,monetary,0.00023032563607049294
ESP_2,biogas_to_electricity_supply_FR,monetary,0.00019939633945139482
ESP_2,biogas_to_electricity_supply_FSM,monetary,0.00038825503684484657
ESP_2,biogas_to_electricity_supply_UK,monetary,0.00028268947661319886
ESP_2,biogas_to_electricity_supply_USA,monetary,0.000377188408731088
ESP_2,biomass_ESP,monetary,0.002533637840613233
ESP_2,biomass_FR,monetary,0.0025355875995948336
ESP_2,biomass_IT,monetary,0.002532485435452652
ESP_2,existing_biogas_to_electricity_supply,monetary,4439.726764931507
ESP_2,existing_biomass,monetary,212932.08558904106
ESP_2,existing_ccgt,monetary,0.0037253705734780146
ESP_2,existing_chp,monetary,0.0
ESP_2,existing_coal,monetary,0.0035488311653506938
ESP_2,existing_hydro_run_of_river,monetary,199726.02739726027
ESP_2,existing_nuclear,monetary,1898896.089863014
ESP_2,existing_oil_and_other,monetary,0.0038152127422805128
ESP_2,existing_open_field_pv,monetary,177724.05479452055
ESP_2,existing_pumped_hydro,monetary,288538.79452054796
ESP_2,existing_rooftop_pv,monetary,8510.13698630137
ESP_2,existing_wind_onshore,monetary,2518177.136575342
ESP_2,existing_wte,monetary,0.0026569741157577704
ESP_2,open_field_pv_CN,monetary,0.0015325589367923334
ESP_2,open_field_pv_DE,monetary,0.00680211342213714
ESP_2,open_field_pv_ESP,monetary,0.0011861578562227147
ESP_2,open_field_pv_MY,monetary,0.00635170872573753
ESP_2,open_field_pv_NL,monetary,0.0072435069728342665
ESP_2,open_field_pv_PT,monetary,0.0051873666274193445
ESP_2,pumped_hydro_CN,monetary,0.02593329296160548
ESP_2,pumped_hydro_ESP,monetary,0.002690578569509415
ESP_2,roof_mounted_pv_CN,monetary,0.0017883946140104265
ESP_2,roof_mounted_pv_DE,monetary,0.0016918487833367498
ESP_2,roof_mounted_pv_ESP,monetary,0.0005989184266859655
ESP_2,roof_mounted_pv_MY,monetary,0.0016475620152787826
ESP_2,roof_mounted_pv_NL,monetary,0.0017318343743498853
ESP_2,roof_mounted_pv_PT,monetary,0.0015128240114209138
ESP_2,wind_offshore_CN,monetary,0.003913481803432122
ESP_2,wind_offshore_DE,monetary,0.004060706218370172
ESP_2,wind_offshore_ESP,monetary,5.4946911150596275e-05
ESP_2,wind_offshore_FR,monetary,0.004080648251931926
ESP_2,wind_offshore_IND,monetary,0.003910663894603875
ESP_2,wind_offshore_NDL,monetary,0.004111181909901726
ESP_2,wind_offshore_PT,monetary,0.00408644284320399
ESP_2,wind_onshore_competing_CN,monetary,0.0050239922000342736
ESP_2,wind_onshore_competing_DE,monetary,0.005418023540837984
ESP_2,wind_onshore_competing_ESP,monetary,3.159873740384499e-05
ESP_2,wind_onshore_competing_FR,monetary,0.005473976503455504
ESP_2,wind_onshore_competing_IND,monetary,0.003577583032574886
ESP_2,wind_onshore_competing_NDL,monetary,0.005560902425900643
ESP_2,wind_onshore_competing_PT,monetary,0.005490355437025112
ESP_2,wind_onshore_monopoly_CN,monetary,0.003892802262867841
ESP_2,wind_onshore_monopoly_DE,monetary,0.004183374158208481
ESP_2,wind_onshore_monopoly_ESP,monetary,0.004287708870011103
ESP_2,wind_onshore_monopoly_FR,monetary,0.00422429680451685
ESP_2,wind_onshore_monopoly_IND,monetary,0.00388743407766622
ESP_2,wind_onshore_monopoly_NDL,monetary,0.0030366035147697096
ESP_2,wind_onshore_monopoly_PT,monetary,0.004236259680212319
ESP_3,Trade_Markets_ESP_3_natural_gas_transmission,monetary,0.0
ESP_3,battery_CN,monetary,0.03502813686106676
ESP_3,battery_CZ,monetary,0.031965382392270654
ESP_3,battery_ESP,monetary,0.014132094128072339
ESP_3,battery_HU,monetary,0.029947737447564557
ESP_3,battery_PL,monetary,0.031643596574518075
ESP_3,battery_US,monetary,0.03389273810485658
ESP_3,biogas_to_electricity_supply_BEL,monetary,0.00808197525001531
ESP_3,biogas_to_electricity_supply_CAN,monetary,0.00023411061722633143
ESP_3,biogas_to_electricity_supply_FR,monetary,0.0002022273974803596
ESP_3,biogas_to_electricity_supply_FSM,monetary,0.0003992968526398909
ESP_3,biogas_to_electricity_supply_UK,monetary,0.0002884199638862943
ESP_3,biogas_to_electricity_supply_USA,monetary,0.00038757952302310777
ESP_3,biomass_ESP,monetary,0.002565705896787569
ESP_3,biomass_FR,monetary,0.002567707124011213
ESP_3,biomass_IT,monetary,0.002564523097963902
ESP_3,existing_biogas_to_electricity_supply,monetary,326.6593589041096
ESP_3,existing_biomass,monetary,15658.090575342463
ESP_3,existing_ccgt,monetary,0.003692205690902322
ESP_3,existing_chp,monetary,466135.67123287666
ESP_3,existing_coal,monetary,0.0
ESP_3,existing_hydro_run_of_river,monetary,119712.32876712327
ESP_3,existing_nuclear,monetary,0.0
ESP_3,existing_oil_and_other,monetary,0.0
ESP_3,existing_open_field_pv,monetary,30646.575342465752
ESP_3,existing_pumped_hydro,monetary,0.0
ESP_3,existing_rooftop_pv,monetary,1468.6849315068491
ESP_3,existing_wind_onshore,monetary,201984.08602739725
ESP_3,existing_wte,monetary,0.0
ESP_3,open_field_pv_CN,monetary,0.0015731126933950386
ESP_3,open_field_pv_DE,monetary,0.13037457301298913
ESP_3,open_field_pv_ESP,monetary,0.0013312703818554152
ESP_3,open_field_pv_MY,monetary,0.0551982089787344
ESP_3,open_field_pv_NL,monetary,183862.46608267684
ESP_3,open_field_pv_PT,monetary,0.017742993982570177
ESP_3,pumped_hydro_CN,monetary,21962.105396987627
ESP_3,pumped_hydro_ESP,monetary,0.0028554401861238658
ESP_3,roof_mounted_pv_CN,monetary,0.0017910572587187875
ESP_3,roof_mounted_pv_DE,monetary,0.0017040717001850735
ESP_3,roof_mounted_pv_ESP,monetary,0.0006108093997796127
ESP_3,roof_mounted_pv_MY,monetary,0.0016603556925336525
ESP_3,roof_mounted_pv_NL,monetary,0.0017434969146138575
ESP_3,roof_mounted_pv_PT,monetary,0.00152738984242061
ESP_3,wind_offshore_CN,monetary,0.0
ESP_3,wind_offshore_DE,monetary,0.0
ESP_3,wind_offshore_ESP,monetary,0.0
ESP_3,wind_offshore_FR,monetary,0.0
ESP_3,wind_offshore_IND,monetary,0.0
ESP_3,wind_offshore_NDL,monetary,0.0
ESP_3,wind_offshore_PT,monetary,0.0
ESP_3,wind_onshore_competing_CN,monetary,0.006680815848781793
ESP_3,wind_onshore_competing_DE,monetary,0.007287853876240467
ESP_3,wind_onshore_competing_ESP,monetary,3.2812801088416e-05
ESP_3,wind_onshore_competing_FR,monetary,0.007375209247576167
ESP_3,wind_onshore_competing_IND,monetary,0.004115289154602281
ESP_3,wind_onshore_competing_NDL,monetary,0.007511579510405212
ESP_3,wind_onshore_competing_PT,monetary,0.007400848413639328
ESP_3,wind_onshore_monopoly_CN,monetary,0.00427321314881507
ESP_3,wind_onshore_monopoly_DE,monetary,0.004649083888586237
ESP_3,wind_onshore_monopoly_ESP,monetary,0.004786588896493117
ESP_3,wind_onshore_monopoly_FR,monetary,0.00470286166002423
ESP_3,wind_onshore_monopoly_IND,monetary,0.004266364015372082
ESP_3,wind_onshore_monopoly_NDL,monetary,0.0032229873334347794
ESP_3,wind_onshore_monopoly_PT,monetary,0.004718622337278133
ESP_4,Trade_Markets_ESP_4_natural_gas_transmission,monetary,0.0
ESP_4,battery_CN,monetary,25841.35438360199
ESP_4,battery_CZ,monetary,0.5701040848188651
ESP_4,battery_ESP,monetary,0.037754707002623726
ESP_4,battery_HU,monetary,0.32189538592262923
ESP_4,battery_PL,monetary,0.5102050127674226
ESP_4,battery_US,monetary,1.7027538347464204
ESP_4,biogas_to_electricity_supply_BEL,monetary,0.008260205314467266
ESP_4,biogas_to_electricity_supply_CAN,monetary,0.00023360197715264572
ESP_4,biogas_to_electricity_supply_FR,monetary,0.00020178018630925314
ESP_4,biogas_to_electricity_supply_FSM,monetary,0.0003987863035434589
ESP_4,biogas_to_electricity_supply_UK,monetary,0.00028784684759292447
ESP_4,biogas_to_electricity_supply_USA,monetary,0.00038704844411765636
ESP_4,biomass_ESP,monetary,0.002525396876018765
ESP_4,biomass_FR,monetary,0.0025273509845257407
ESP_4,biomass_IT,monetary,0.002524241918610082
ESP_4,existing_biogas_to_electricity_supply,monetary,5013.511030136986
ESP_4,existing_biomass,monetary,240389.82608219172
ESP_4,existing_ccgt,monetary,0.003831225294523803
ESP_4,existing_chp,monetary,1674009.7293150683
ESP_4,existing_coal,monetary,0.0
ESP_4,existing_hydro_run_of_river,monetary,219657.53424657532
ESP_4,existing_nuclear,monetary,0.0
ESP_4,existing_oil_and_other,monetary,0.0
ESP_4,existing_open_field_pv,monetary,67131.83561643834
ESP_4,existing_pumped_hydro,monetary,0.0
ESP_4,existing_rooftop_pv,monetary,3216.465753424657
ESP_4,existing_wind_onshore,monetary,511277.7770136986
ESP_4,existing_wte,monetary,0.0027912615938983972
ESP_4,open_field_pv_CN,monetary,0.00164739403407498
ESP_4,open_field_pv_DE,monetary,0.13720436929713334
ESP_4,open_field_pv_ESP,monetary,0.0014039334107453266
ESP_4,open_field_pv_MY,monetary,0.05887598401467508
ESP_4,open_field_pv_NL,monetary,330681.7391602491
ESP_4,open_field_pv_PT,monetary,0.019280006184582563
ESP_4,pumped_hydro_CN,monetary,0.0
ESP_4,pumped_hydro_ESP,monetary,0.0
ESP_4,roof_mounted_pv_CN,monetary,0.0017778498512760572
ESP_4,roof_mounted_pv_DE,monetary,0.0016866975822109858
ESP_4,roof_mounted_pv_ESP,monetary,0.0006058029329820965
ESP_4,roof_mounted_pv_MY,monetary,0.0016435694731661028
ESP_4,roof_mounted_pv_NL,monetary,0.0017255849610651212
ESP_4,roof_mounted_pv_PT,monetary,0.0015123372454800708
ESP_4,wind_offshore_CN,monetary,0.004455583697705423
ESP_4,wind_offshore_DE,monetary,0.004646262256678066
ESP_4,wind_offshore_ESP,monetary,5.5205001832507444e-05
ESP_4,wind_offshore_FR,monetary,0.004672221005496423
ESP_4,wind_offshore_IND,monetary,0.004451951175836767
ESP_4,wind_offshore_NDL,monetary,0.004712027047382324
ESP_4,wind_offshore_PT,monetary,0.004679769694396664
ESP_4,wind_onshore_competing_CN,monetary,0.007613020801769637
ESP_4,wind_onshore_competing_DE,monetary,0.008286754485914882
ESP_4,wind_onshore_competing_ESP,monetary,3.7933750811096405e-05
ESP_4,wind_onshore_competing_FR,monetary,0.008382810923450675
ESP_4,wind_onshore_competing_IND,monetary,0.0038705312737949854
ESP_4,wind_onshore_competing_NDL,monetary,0.008532222365906497
ESP_4,wind_onshore_competing_PT,monetary,0.008410944302034356
ESP_4,wind_onshore_monopoly_CN,monetary,0.004310170629027062
ESP_4,wind_onshore_monopoly_DE,monetary,0.004671466995967048
ESP_4,wind_onshore_monopoly_ESP,monetary,0.004802706163908836
ESP_4,wind_onshore_monopoly_FR,monetary,0.004722847538558588
ESP_4,wind_onshore_monopoly_IND,monetary,0.004303552142111481
ESP_4,wind_onshore_monopoly_NDL,monetary,0.0032809651899723047
ESP_4,wind_onshore_monopoly_PT,monetary,0.004737891348300583
ESP_5,Trade_Markets_ESP_5_natural_gas_transmission,monetary,0.0
ESP_5,battery_CN,monetary,0.223569510069957
ESP_5,battery_CZ,monetary,0.15531077075927874
ESP_5,battery_ESP,monetary,0.02772395243146563
ESP_5,battery_HU,monetary,0.12516690661819463
ESP_5,battery_PL,monetary,0.14989517548099915
ESP_5,battery_US,monetary,0.19412403387553528
ESP_5,biogas_to_electricity_supply_BEL,monetary,0.008709862101545951
ESP_5,biogas_to_electricity_supply_CAN,monetary,0.0002360036260127769
ESP_5,biogas_to_electricity_supply_FR,monetary,0.00020366650811111178
ESP_5,biogas_to_electricity_supply_FSM,monetary,0.00040469738233118747
ESP_5,biogas_to_electricity_supply_UK,monetary,0.0002912485377094756
ESP_5,biogas_to_electricity_supply_USA,monetary,0.00039266387049469365
ESP_5,biomass_ESP,monetary,0.0025650351085495056
ESP_5,biomass_FR,monetary,0.002567037834918325
ESP_5,biomass_IT,monetary,0.002563851427788939
ESP_5,existing_biogas_to_electricity_supply,monetary,471.52568328767126
ESP_5,existing_biomass,monetary,22567.39128767123
ESP_5,existing_ccgt,monetary,0.004237552853701716
ESP_5,existing_chp,monetary,1101362.0572054794
ESP_5,existing_coal,monetary,0.004008243259092451
ESP_5,existing_hydro_run_of_river,monetary,867493.1506849314
ESP_5,existing_nuclear,monetary,0.0
ESP_5,existing_oil_and_other,monetary,0.0
ESP_5,existing_open_field_pv,monetary,60350.46575342465
ESP_5,existing_pumped_hydro,monetary,71085.8904109589
ESP_5,existing_rooftop_pv,monetary,2891.616438356164
ESP_5,existing_wind_onshore,monetary,855707.768219178
ESP_5,existing_wte,monetary,0.003070855152561808
ESP_5,open_field_pv_CN,monetary,0.0015887721042338444
ESP_5,open_field_pv_DE,monetary,0.1231517568776574
ESP_5,open_field_pv_ESP,monetary,0.001369134792950161
ESP_5,open_field_pv_MY,monetary,0.053004709919756754
ESP_5,open_field_pv_NL,monetary,47588.076867873286
ESP_5,open_field_pv_PT,monetary,0.017795023978870828
ESP_5,pumped_hydro_CN,monetary,2820.1277142616823
ESP_5,pumped_hydro_ESP,monetary,0.002720420842235617
ESP_5,roof_mounted_pv_CN,monetary,0.0018234473584371846
ESP_5,roof_mounted_pv_DE,monetary,0.0017415732733792033
ESP_5,roof_mounted_pv_ESP,monetary,0.0006242976980808494
ESP_5,roof_mounted_pv_MY,monetary,0.0016976016090096352
ESP_5,roof_mounted_pv_NL,monetary,0.0017811733257362217
ESP_5,roof_mounted_pv_PT,monetary,0.0015634571413731709
ESP_5,wind_offshore_CN,monetary,0.0
ESP_5,wind_offshore_DE,monetary,0.0
ESP_5,wind_offshore_ESP,monetary,0.0
ESP_5,wind_offshore_FR,monetary,0.0
ESP_5,wind_offshore_IND,monetary,0.0
ESP_5,wind_offshore_NDL,monetary,0.0
ESP_5,wind_offshore_PT,monetary,0.0
ESP_5,wind_onshore_competing_CN,monetary,0.006118715518730738
ESP_5,wind_onshore_competing_DE,monetary,0.006611301504582961
ESP_5,wind_onshore_competing_ESP,monetary,3.369229925295937e-05
ESP_5,wind_onshore_competing_FR,monetary,0.006681131454971128
ESP_5,wind_onshore_competing_IND,monetary,0.00372457773860211
ESP_5,wind_onshore_competing_NDL,monetary,0.006789646597235645
ESP_5,wind_onshore_competing_PT,monetary,0.006701574309185547
ESP_5,wind_onshore_monopoly_CN,monetary,0.004007407005182601
ESP_5,wind_onshore_monopoly_DE,monetary,0.004318662316310487
ESP_5,wind_onshore_monopoly_ESP,monetary,0.004430874450655249
ESP_5,wind_onshore_monopoly_FR,monetary,0.004362645187317718
ESP_5,wind_onshore_monopoly_IND,monetary,0.004001670963327588
ESP_5,wind_onshore_monopoly_NDL,monetary,0.003101201061816924
ESP_5,wind_onshore_monopoly_PT,monetary,0.004375510028599375
ESP_6,Trade_Markets_ESP_6_natural_gas_transmission,monetary,0.0
ESP_6,Trade_Markets_ESP_6_oil_fuel_transmission,monetary,0.0
ESP_6,battery_CN,monetary,0.01620444294984329
ESP_6,battery_CZ,monetary,0.0154450391487363
ESP_6,battery_ESP,monetary,0.009510064282077988
ESP_6,battery_HU,monetary,0.014914850855577498
ESP_6,battery_PL,monetary,0.015362125221139084
ESP_6,battery_US,monetary,0.015929053539966046
ESP_6,biogas_to_electricity_supply_BEL,monetary,0.00697565157046264
ESP_6,biogas_to_electricity_supply_CAN,monetary,0.00023384987216069892
ESP_6,biogas_to_electricity_supply_FR,monetary,0.00020201534976860747
ESP_6,biogas_to_electricity_supply_FSM,monetary,0.0003985650284800505
ESP_6,biogas_to_electricity_supply_UK,monetary,0.0002880540537969423
ESP_6,biogas_to_electricity_supply_USA,monetary,0.00038689931360756115
ESP_6,biomass_ESP,monetary,0.00256063389139467
ESP_6,biomass_FR,monetary,0.0025626318873324624
ESP_6,biomass_IT,monetary,0.002559453003554521
ESP_6,existing_biogas_to_electricity_supply,monetary,4380.075925479452
ESP_6,existing_biomass,monetary,210015.82230136983
ESP_6,existing_ccgt,monetary,0.0036902742190618827
ESP_6,existing_chp,monetary,2333917.999079452
ESP_6,existing_coal,monetary,0.0
ESP_6,existing_hydro_run_of_river,monetary,1192890.4109589038
ESP_6,existing_nuclear,monetary,12649061.14849315
ESP_6,existing_oil_and_other,monetary,416.43835616438355
ESP_6,existing_open_field_pv,monetary,95550.24657534246
ESP_6,existing_pumped_hydro,monetary,124458.57534246576
ESP_6,existing_rooftop_pv,monetary,4575.342465753424
ESP_6,existing_wind_onshore,monetary,569991.1663013698
ESP_6,existing_wte,monetary,0.0028280873721623317
ESP_6,open_field_pv_CN,monetary,0.0016319954297079292
ESP_6,open_field_pv_DE,monetary,0.09498173340096273
ESP_6,open_field_pv_ESP,monetary,0.0013404738747746516
ESP_6,open_field_pv_MY,monetary,0.041499124905476664
ESP_6,open_field_pv_NL,monetary,263907.7106357806
ESP_6,open_field_pv_PT,monetary,0.01456640163222477
ESP_6,pumped_hydro_CN,monetary,0.03522134736828552
ESP_6,pumped_hydro_ESP,monetary,0.0026590968742736375
ESP_6,roof_mounted_pv_CN,monetary,0.0017664594704345177
ESP_6,roof_mounted_pv_DE,monetary,0.0016787521060362019
ESP_6,roof_mounted_pv_ESP,monetary,0.0006023107403179382
ESP_6,roof_mounted_pv_MY,monetary,0.0016350934849542107
ESP_6,roof_mounted_pv_NL,monetary,0.0017181996257602868
ESP_6,roof_mounted_pv_PT,monetary,0.0015028467793016026
ESP_6,wind_offshore_CN,monetary,0.004184305301152283
ESP_6,wind_offshore_DE,monetary,0.00435452950770774
ESP_6,wind_offshore_ESP,monetary,5.496980082822594e-05
ESP_6,wind_offshore_FR,monetary,0.004377666097741093
ESP_6,wind_offshore_IND,monetary,0.004181057726341532
ESP_6,wind_offshore_NDL,monetary,0.004413126978265344
ESP_6,wind_offshore_PT,monetary,0.00438439243178115
ESP_6,wind_onshore_competing_CN,monetary,0.007281292265083626
ESP_6,wind_onshore_competing_DE,monetary,0.007893849726846784
ESP_6,wind_onshore_competing_ESP,monetary,3.717972784103664e-05
ESP_6,wind_onshore_competing_FR,monetary,0.007980696346317324
ESP_6,wind_onshore_competing_IND,monetary,0.003786008573120425
ESP_6,wind_onshore_competing_NDL,monetary,0.008115526360794692
ESP_6,wind_onshore_competing_PT,monetary,0.008006107676280185
ESP_6,wind_onshore_monopoly_CN,monetary,0.004177765594101328
ESP_6,wind_onshore_monopoly_DE,monetary,0.004513129833945646
ESP_6,wind_onshore_monopoly_ESP,monetary,0.004634416156473573
ESP_6,wind_onshore_monopoly_FR,monetary,0.004560646434622464
ESP_6,wind_onshore_monopoly_IND,monetary,0.004171600971460406
ESP_6,wind_onshore_monopoly_NDL,monetary,0.0032098736905696547
ESP_6,wind_onshore_monopoly_PT,monetary,0.004574551230559754
ESP_7,Trade_Markets_ESP_7_natural_gas_transmission,monetary,0.0
ESP_7,battery_CN,monetary,484126.8448578012
ESP_7,battery_CZ,monetary,0.7519389882727807
ESP_7,battery_ESP,monetary,0.04211614686305883
ESP_7,battery_HU,monetary,0.40322765561865115
ESP_7,battery_PL,monetary,0.6667404488828258
ESP_7,battery_US,monetary,2.397011678255033
ESP_7,biogas_to_electricity_supply_BEL,monetary,0.00971230493909706
ESP_7,biogas_to_electricity_supply_CAN,monetary,0.00024522720096325807
ESP_7,biogas_to_electricity_supply_FR,monetary,0.00021070826579881188
ESP_7,biogas_to_electricity_supply_FSM,monetary,0.0004282945859088825
ESP_7,biogas_to_electricity_supply_UK,monetary,0.00030469328083259387
ESP_7,biogas_to_electricity_supply_USA,monetary,0.0004151047716418407
ESP_7,biomass_ESP,monetary,0.0026402215866080945
ESP_7,biomass_FR,monetary,0.0026423348586977033
ESP_7,biomass_IT,monetary,0.0026389726005078837
ESP_7,existing_biogas_to_electricity_supply,monetary,2996.744553424658
ESP_7,existing_biomass,monetary,143704.48169863012
ESP_7,existing_ccgt,monetary,0.004773912922665758
ESP_7,existing_chp,monetary,0.0
ESP_7,existing_coal,monetary,0.0
ESP_7,existing_hydro_run_of_river,monetary,0.0
ESP_7,existing_nuclear,monetary,0.0
ESP_7,existing_oil_and_other,monetary,0.0
ESP_7,existing_open_field_pv,monetary,22687.780821917808
ESP_7,existing_pumped_hydro,monetary,0.0
ESP_7,existing_rooftop_pv,monetary,1084.3561643835617
ESP_7,existing_wind_onshore,monetary,1706603.8030958902
ESP_7,existing_wte,monetary,0.0030410423097123724
ESP_7,open_field_pv_CN,monetary,0.0016701128948817963
ESP_7,open_field_pv_DE,monetary,0.1555207918743586
ESP_7,open_field_pv_ESP,monetary,0.0015519457304140464
ESP_7,open_field_pv_MY,monetary,0.0658606503884181
ESP_7,open_field_pv_NL,monetary,362914.88627781416
ESP_7,open_field_pv_PT,monetary,0.021538126638210194
ESP_7,pumped_hydro_CN,monetary,0.0
ESP_7,pumped_hydro_ESP,monetary,0.0
ESP_7,roof_mounted_pv_CN,monetary,0.0019291052590071286
ESP_7,roof_mounted_pv_DE,monetary,0.0018338096837480443
ESP_7,roof_mounted_pv_ESP,monetary,0.0006405545536596515
ESP_7,roof_mounted_pv_MY,monetary,0.0017852143880567257
ESP_7,roof_mounted_pv_NL,monetary,0.0018775721307416
ESP_7,roof_mounted_pv_PT,monetary,0.001637853023681189
ESP_7,wind_offshore_CN,monetary,0.0
ESP_7,wind_offshore_DE,monetary,0.0
ESP_7,wind_offshore_ESP,monetary,0.0
ESP_7,wind_offshore_FR,monetary,0.0
ESP_7,wind_offshore_IND,monetary,0.0
ESP_7,wind_offshore_NDL,monetary,0.0
ESP_7,wind_offshore_PT,monetary,0.0
ESP_7,wind_onshore_competing_CN,monetary,0.006162402026771251
ESP_7,wind_onshore_competing_DE,monetary,0.0066364338857508465
ESP_7,wind_onshore_competing_ESP,monetary,3.578015286921016e-05
ESP_7,wind_onshore_competing_FR,monetary,0.0067030986131596205
ESP_7,wind_onshore_competing_IND,monetary,0.003512794908217445
ESP_7,wind_onshore_competing_NDL,monetary,0.006806363890045642
ESP_7,wind_onshore_competing_PT,monetary,0.0067225843399378975
ESP_7,wind_onshore_monopoly_CN,monetary,0.005101954468894271
ESP_7,wind_onshore_monopoly_DE,monetary,0.00546549195253875
ESP_7,wind_onshore_monopoly_ESP,monetary,0.005596481827460624
ESP_7,wind_onshore_monopoly_FR,monetary,0.005516858837652648
ESP_7,wind_onshore_monopoly_IND,monetary,0.005095256296559234
ESP_7,wind_onshore_monopoly_NDL,monetary,0.004024858995994686
ESP_7,wind_onshore_monopoly_PT,monetary,0.005531879026794933
ESP_8,battery_CN,monetary,0.005852425905912657
ESP_8,battery_CZ,monetary,0.005759709810546955
ESP_8,battery_ESP,monetary,0.004767412137613242
ESP_8,battery_HU,monetary,0.005691448842154878
ESP_8,battery_PL,monetary,0.005749238032867201
ESP_8,battery_US,monetary,0.005819452888571703
ESP_8,biogas_to_electricity_supply_BEL,monetary,0.002159536762320256
ESP_8,biogas_to_electricity_supply_CAN,monetary,0.0002226515144409536
ESP_8,biogas_to_electricity_supply_FR,monetary,0.00019369341236052915
ESP_8,biogas_to_electricity_supply_FSM,monetary,0.0003655982774592081
ESP_8,biogas_to_electricity_supply_UK,monetary,0.0002709647929038904
ESP_8,biogas_to_electricity_supply_USA,monetary,0.0003558521623751713
ESP_8,biomass_ESP,monetary,0.0024584693900556965
ESP_8,biomass_FR,monetary,0.0024603080891546546
ESP_8,biomass_IT,monetary,0.0024573825956229153
ESP_8,existing_biogas_to_electricity_supply,monetary,7112.652475616438
ESP_8,existing_biomass,monetary,344612.58942465746
ESP_8,existing_ccgt,monetary,0.0
ESP_8,existing_chp,monetary,466135.67123287666
ESP_8,existing_coal,monetary,0.0
ESP_8,existing_hydro_run_of_river,monetary,113794.5205479452
ESP_8,existing_nuclear,monetary,0.0037025366056457104
ESP_8,existing_oil_and_other,monetary,0.0
ESP_8,existing_open_field_pv,monetary,532475.3972602739
ESP_8,existing_pumped_hydro,monetary,68056.0
ESP_8,existing_rooftop_pv,monetary,25498.38356164383
ESP_8,existing_wind_onshore,monetary,0.0
ESP_8,existing_wte,monetary,0.0
ESP_8,open_field_pv_CN,monetary,0.0015638268864616655
ESP_8,open_field_pv_DE,monetary,0.0027279487429493674
ESP_8,open_field_pv_ESP,monetary,0.000958494767074528
ESP_8,open_field_pv_MY,monetary,0.0026529189579482136
ESP_8,open_field_pv_NL,monetary,0.0027959736381566436
ESP_8,open_field_pv_PT,monetary,0.0024277843114333237
ESP_8,pumped_hydro_CN,monetary,0.007348050048851473
ESP_8,pumped_hydro_ESP,monetary,0.002712025055151359
ESP_8,roof_mounted_pv_CN,monetary,0.0017960424119306056
ESP_8,roof_mounted_pv_DE,monetary,0.0017060513095660669
ESP_8,roof_mounted_pv_ESP,monetary,0.0006096366358710748
ESP_8,roof_mounted_pv_MY,monetary,0.0016620475228017254
ESP_8,roof_mounted_pv_NL,monetary,0.0017457464130402516
ESP_8,roof_mounted_pv_PT,monetary,0.0015282816891272453
ESP_8,wind_offshore_CN,monetary,0.0
ESP_8,wind_offshore_DE,monetary,0.0
ESP_8,wind_offshore_ESP,monetary,0.0
ESP_8,wind_offshore_FR,monetary,0.0
ESP_8,wind_offshore_IND,monetary,0.0
ESP_8,wind_offshore_NDL,monetary,0.0
ESP_8,wind_offshore_PT,monetary,0.0
ESP_8,wind_onshore_competing_CN,monetary,0.005119693629098023
ESP_8,wind_onshore_competing_DE,monetary,0.005438961633001577
ESP_8,wind_onshore_competing_ESP,monetary,3.147446835514771e-05
ESP_8,wind_onshore_competing_FR,monetary,0.005483531632619131
ESP_8,wind_onshore_competing_IND,monetary,0.003434990594418385
ESP_8,wind_onshore_competing_NDL,monetary,0.005552394921208007
ESP_8,wind_onshore_competing_PT,monetary,0.005496542234212549
ESP_8,wind_onshore_monopoly_CN,monetary,0.0036507463889538
ESP_8,wind_onshore_monopoly_DE,monetary,0.003906787060459286
ESP_8,wind_onshore_monopoly_ESP,monetary,0.003998181912278635
ESP_8,wind_onshore_monopoly_FR,monetary,0.003942662552387919
ESP_8,wind_onshore_monopoly_IND,monetary,0.0036459924744711237
ESP_8,wind_onshore_monopoly_NDL,monetary,0.0028827190178168584
ESP_8,wind_onshore_monopoly_PT,monetary,0.003953144443782677
ESP_9,Trade_Markets_ESP_9_natural_gas_transmission,monetary,0.0
ESP_9,battery_CN,monetary,0.031197872840940756
ESP_9,battery_CZ,monetary,0.029087389512421378
ESP_9,battery_ESP,monetary,0.01418669142568218
ESP_9,battery_HU,monetary,0.02761128143516073
ESP_9,battery_PL,monetary,0.028856667288642977
ESP_9,battery_US,monetary,0.030432687911699705
ESP_9,biogas_to_electricity_supply_BEL,monetary,0.007990978016821516
ESP_9,biogas_to_electricity_supply_CAN,monetary,0.00023578147875405914
ESP_9,biogas_to_electricity_supply_FR,monetary,0.0002035318587989188
ESP_9,biogas_to_electricity_supply_FSM,monetary,0.0004035243750503116
ESP_9,biogas_to_electricity_supply_UK,monetary,0.00029081014269081594
ESP_9,biogas_to_electricity_supply_USA,monetary,0.00039159240153521953
ESP_9,biomass_ESP,monetary,0.0025662139181291776
ESP_9,biomass_FR,monetary,0.002568216872386042
ESP_9,biomass_IT,monetary,0.002565030101408429
ESP_9,existing_biogas_to_electricity_supply,monetary,28396.640095342467
ESP_9,existing_biomass,monetary,1361715.492986301
ESP_9,existing_ccgt,monetary,0.004104814193926663
ESP_9,existing_chp,monetary,3588545.464986301
ESP_9,existing_coal,monetary,0.0037925014699005813
ESP_9,existing_hydro_run_of_river,monetary,793931.506849315
ESP_9,existing_nuclear,monetary,0.0
ESP_9,existing_oil_and_other,monetary,0.0
ESP_9,existing_open_field_pv,monetary,313522.8493150685
ESP_9,existing_pumped_hydro,monetary,132849.0410958904
ESP_9,existing_rooftop_pv,monetary,15016.273972602738
ESP_9,existing_wind_onshore,monetary,1494679.0919726025
ESP_9,existing_wte,monetary,0.0030794736117934554
ESP_9,open_field_pv_CN,monetary,0.001585456513497075
ESP_9,open_field_pv_DE,monetary,0.11165891032185973
ESP_9,open_field_pv_ESP,monetary,0.0013314879681681423
ESP_9,open_field_pv_MY,monetary,0.04800501718575475
ESP_9,open_field_pv_NL,monetary,215486.98860820322
ESP_9,open_field_pv_PT,monetary,0.016043359858062375
ESP_9,pumped_hydro_CN,monetary,0.15852602784567957
ESP_9,pumped_hydro_ESP,monetary,0.002843453374960542
ESP_9,roof_mounted_pv_CN,monetary,0.0018708659599677802
ESP_9,roof_mounted_pv_DE,monetary,0.0017722612263127596
ESP_9,roof_mounted_pv_ESP,monetary,0.0006243095839874159
ESP_9,roof_mounted_pv_MY,monetary,0.0017256011698649045
ESP_9,roof_mounted_pv_NL,monetary,0.0018143923270901106
ESP_9,roof_mounted_pv_PT,monetary,0.0015841014009873365
ESP_9,wind_offshore_CN,monetary,0.0
ESP_9,wind_offshore_DE,monetary,0.0
ESP_9,wind_offshore_ESP,monetary,0.0
ESP_9,wind_offshore_FR,monetary,0.0
ESP_9,wind_offshore_IND,monetary,0.0
ESP_9,wind_offshore_NDL,monetary,0.0
ESP_9,wind_offshore_PT,monetary,0.0
ESP_9,wind_onshore_competing_CN,monetary,0.005302147071824048
ESP_9,wind_onshore_competing_DE,monetary,0.0057423492255160614
ESP_9,wind_onshore_competing_ESP,monetary,3.1712719962811296e-05
ESP_9,wind_onshore_competing_FR,monetary,0.005805079955820271
ESP_9,wind_onshore_competing_IND,monetary,0.0036512404776437063
ESP_9,wind_onshore_competing_NDL,monetary,0.0059026360384057995
ESP_9,wind_onshore_competing_PT,monetary,0.005823452577500594
ESP_9,wind_onshore_monopoly_CN,monetary,0.00402776662218571
ESP_9,wind_onshore_monopoly_DE,monetary,0.004333513286834256
ESP_9,wind_onshore_monopoly_ESP,monetary,0.004443478637618039
ESP_9,wind_onshore_monopoly_FR,monetary,0.004376632876360933
ESP_9,wind_onshore_monopoly_IND,monetary,0.004022123497118736
ESP_9,wind_onshore_monopoly_NDL,monetary,0.003130847002339121
ESP_9,wind_onshore_monopoly_PT,monetary,0.004389241654606993
Trade_Markets,Trade_Markets_ESP_10_natural_gas_transmission,monetary,0.0
Trade_Markets,Trade_Markets_ESP_11_natural_gas_transmission,monetary,0.0
Trade_Markets,Trade_Markets_ESP_11_oil_fuel_transmission,monetary,0.0
Trade_Markets,Trade_Markets_ESP_1_natural_gas_transmission,monetary,0.0
Trade_Markets,Trade_Markets_ESP_2_natural_gas_transmission,monetary,0.0
Trade_Markets,Trade_Markets_ESP_2_oil_fuel_transmission,monetary,0.0
Trade_Markets,Trade_Markets_ESP_3_natural_gas_transmission,monetary,0.0
Trade_Markets,Trade_Markets_ESP_4_natural_gas_transmission,monetary,0.0
Trade_Markets,Trade_Markets_ESP_5_natural_gas_transmission,monetary,0.0
Trade_Markets,Trade_Markets_ESP_6_natural_gas_transmission,monetary,0.0
Trade_Markets,Trade_Markets_ESP_6_oil_fuel_transmission,monetary,0.0
Trade_Markets,Trade_Markets_ESP_7_natural_gas_transmission,monetary,0.0
Trade_Markets,Trade_Markets_ESP_9_natural_gas_transmission,monetary,0.0
