nodes,techs,carriers,flow_cap
ESP_1,ESP_1_ESP_2_ac_ohl_transmission,electricity,7200.0
ESP_1,ESP_1_PRT_1_ac_ohl_transmission,electricity,1200.0
ESP_1,Trade_Markets_ESP_1_coal_transmission,coal,6.10848365753162e-05
ESP_1,Trade_Markets_ESP_1_natural_gas_transmission,natural_gas,715.300794836697
ESP_1,battery_CN,electricity,0.001862982043016549
ESP_1,battery_CZ,electricity,0.0017510268173531358
ESP_1,battery_ESP,electricity,0.0016384355086673827
ESP_1,battery_HU,electricity,0.0016780185113683603
ESP_1,battery_PL,electricity,0.001739468806768989
ESP_1,battery_US,electricity,0.001819766539974922
ESP_1,biogas_to_electricity_supply_BEL,electricity,0.0010852726440571795
ESP_1,biogas_to_electricity_supply_CAN,electricity,2.033926669137647e-05
ESP_1,biogas_to_electricity_supply_FR,electricity,1.7485074171772022e-05
ESP_1,biogas_to_electricity_supply_FSM,electricity,3.6250214835993274e-05
ESP_1,biogas_to_electricity_supply_UK,electricity,2.558953044586852e-05
ESP_1,biogas_to_electricity_supply_USA,electricity,3.51577067936616e-05
ESP_1,biomass_ESP,electricity,6.076492389265797e-05
ESP_1,biomass_FR,electricity,5.740872241342929e-05
ESP_1,biomass_IT,electricity,5.1111161614729106e-05
ESP_1,demand_tech,electricity,2397.4323023421666
ESP_1,existing_biogas_to_electricity_supply,electricity,25.79
ESP_1,existing_biomass,electricity,78.3
ESP_1,existing_ccgt,electricity,8.347584686641452e-05
ESP_1,existing_ccgt,natural_gas,8.347584686641595e-05
ESP_1,existing_chp,electricity,2001.2
ESP_1,existing_chp,natural_gas,2001.2
ESP_1,existing_coal,coal,0.00010308368293167339
ESP_1,existing_coal,electricity,0.00010308368293167846
ESP_1,existing_hydro_reservoir,electricity,2824.48
ESP_1,existing_hydro_run_of_river,electricity,235.259
ESP_1,existing_nuclear,electricity,0.0
ESP_1,existing_nuclear,uranium,0.0
ESP_1,existing_oil_and_other,electricity,0.0
ESP_1,existing_oil_and_other,oil,0.0
ESP_1,existing_open_field_pv,electricity,16.68
ESP_1,existing_pumped_hydro,electricity,513.6
ESP_1,existing_rooftop_pv,electricity,0.65
ESP_1,existing_wind_onshore,electricity,3828.15
ESP_1,existing_wte,electricity,1.3346492727416287e-05
ESP_1,open_field_pv_CN,electricity,0.00034380997200291505
ESP_1,open_field_pv_DE,electricity,0.012519425834609056
ESP_1,open_field_pv_ESP,electricity,0.00011428662929348522
ESP_1,open_field_pv_MY,electricity,0.005189492586931067
ESP_1,open_field_pv_NL,electricity,840.114267359504
ESP_1,open_field_pv_PT,electricity,0.0013731569798579992
ESP_1,pumped_hydro_CN,electricity,0.0054884986998859405
ESP_1,pumped_hydro_ESP,electricity,3.680271267856263e-05
ESP_1,roof_mounted_pv_CN,electricity,0.0003870808795815564
ESP_1,roof_mounted_pv_DE,electricity,0.0003373308052923321
ESP_1,roof_mounted_pv_ESP,electricity,7.847942977529603e-05
ESP_1,roof_mounted_pv_MY,electricity,0.00032040580959964113
ESP_1,roof_mounted_pv_NL,electricity,0.000353892510114225
ESP_1,roof_mounted_pv_PT,electricity,0.0002730320375706888
ESP_1,wind_offshore_CN,electricity,0.00017595231715856493
ESP_1,wind_offshore_DE,electricity,0.0001898826735018317
ESP_1,wind_offshore_ESP,electricity,1.5017195927310355e-06
ESP_1,wind_offshore_FR,electricity,0.00019220594872962994
ESP_1,wind_offshore_IND,electricity,0.00017569492429620875
ESP_1,wind_offshore_NDL,electricity,0.0001960964149206201
ESP_1,wind_offshore_PT,electricity,0.00019288462775138233
ESP_1,wind_onshore_competing_CN,electricity,0.0004424845366154416
ESP_1,wind_onshore_competing_DE,electricity,0.0005127136580689933
ESP_1,wind_onshore_competing_ESP,electricity,1.3644814668382087e-06
ESP_1,wind_onshore_competing_FR,electricity,0.0005233381474009789
ESP_1,wind_onshore_competing_IND,electricity,0.00033014464023675943
ESP_1,wind_onshore_competing_NDL,electricity,0.0005393067497891275
ESP_1,wind_onshore_competing_PT,electricity,0.0005264817496043668
ESP_1,wind_onshore_monopoly_CN,electricity,0.0003078881918700334
ESP_1,wind_onshore_monopoly_DE,electricity,0.0003485278071312008
ESP_1,wind_onshore_monopoly_ESP,electricity,0.00036747778289212315
ESP_1,wind_onshore_monopoly_FR,electricity,0.00035665308078692637
ESP_1,wind_onshore_monopoly_IND,electricity,0.00030715419070169355
ESP_1,wind_onshore_monopoly_NDL,electricity,0.00021215858876093058
ESP_1,wind_onshore_monopoly_PT,electricity,0.00035798188953788763
ESP_10,ESP_10_ESP_11_ac_ohl_transmission,electricity,3200.0
ESP_10,ESP_8_ESP_10_ac_ohl_transmission,electricity,4000.0
ESP_10,ESP_9_ESP_10_ac_ohl_transmission,electricity,8100.0
ESP_10,Trade_Markets_ESP_10_natural_gas_transmission,natural_gas,353.07692280382986
ESP_10,battery_CN,electricity,14.857418069062668
ESP_10,battery_CZ,electricity,0.18837299776739563
ESP_10,battery_ESP,electricity,0.009440134984603523
ESP_10,battery_HU,electricity,0.09093939280317156
ESP_10,battery_PL,electricity,0.1637093550582422
ESP_10,battery_US,electricity,0.6625262834469902
ESP_10,biogas_to_electricity_supply_BEL,electricity,0.0013309750523456845
ESP_10,biogas_to_electricity_supply_CAN,electricity,2.0411269448257805e-05
ESP_10,biogas_to_electricity_supply_FR,electricity,1.754749118213306e-05
ESP_10,biogas_to_electricity_supply_FSM,electricity,3.65477191981098e-05
ESP_10,biogas_to_electricity_supply_UK,electricity,2.5681733398291228e-05
ESP_10,biogas_to_electricity_supply_USA,electricity,3.543129196998294e-05
ESP_10,biomass_ESP,electricity,5.564172055789015e-05
ESP_10,biomass_FR,electricity,5.177736098953537e-05
ESP_10,biomass_IT,electricity,4.8358608033858966e-05
ESP_10,demand_tech,electricity,2067.987732451413
ESP_10,existing_biogas_to_electricity_supply,electricity,2.07
ESP_10,existing_biomass,electricity,6.28
ESP_10,existing_ccgt,electricity,8.15884450508907e-05
ESP_10,existing_ccgt,natural_gas,8.158844505089154e-05
ESP_10,existing_chp,electricity,3252.0
ESP_10,existing_chp,natural_gas,3252.0
ESP_10,existing_coal,coal,0.0
ESP_10,existing_coal,electricity,0.0
ESP_10,existing_hydro_reservoir,electricity,0.0
ESP_10,existing_hydro_run_of_river,electricity,24.17
ESP_10,existing_nuclear,electricity,0.0
ESP_10,existing_nuclear,uranium,0.0
ESP_10,existing_oil_and_other,electricity,0.0
ESP_10,existing_oil_and_other,oil,0.0
ESP_10,existing_open_field_pv,electricity,420.69
ESP_10,existing_pumped_hydro,electricity,0.0
ESP_10,existing_rooftop_pv,electricity,16.41
ESP_10,existing_wind_onshore,electricity,262.776
ESP_10,existing_wte,electricity,1.9390746132672102e-05
ESP_10,open_field_pv_CN,electricity,0.000409434473229395
ESP_10,open_field_pv_DE,electricity,0.01119341607612324
ESP_10,open_field_pv_ESP,electricity,0.00010653344195004052
ESP_10,open_field_pv_MY,electricity,0.0046609719018513105
ESP_10,open_field_pv_NL,electricity,1195.3620218978688
ESP_10,open_field_pv_PT,electricity,0.0013296807732766586
ESP_10,pumped_hydro_CN,electricity,0.0
ESP_10,pumped_hydro_ESP,electricity,0.0
ESP_10,roof_mounted_pv_CN,electricity,0.0005162467107370687
ESP_10,roof_mounted_pv_DE,electricity,0.00043850037143303947
ESP_10,roof_mounted_pv_ESP,electricity,8.250720529878016e-05
ESP_10,roof_mounted_pv_MY,electricity,0.000409247926123637
ESP_10,roof_mounted_pv_NL,electricity,0.0004677646610388823
ESP_10,roof_mounted_pv_PT,electricity,0.00033432307968016663
ESP_10,wind_offshore_CN,electricity,0.00017909123413241288
ESP_10,wind_offshore_DE,electricity,0.0001911529230439718
ESP_10,wind_offshore_ESP,electricity,1.4924860356044206e-06
ESP_10,wind_offshore_FR,electricity,0.00019312552914994754
ESP_10,wind_offshore_IND,electricity,0.00017886008058642263
ESP_10,wind_offshore_NDL,electricity,0.00019600446901696654
ESP_10,wind_offshore_PT,electricity,0.0001936888923511902
ESP_10,wind_onshore_competing_CN,electricity,0.00032531240774311566
ESP_10,wind_onshore_competing_DE,electricity,0.00037485449117108415
ESP_10,wind_onshore_competing_ESP,electricity,1.3975187458789935e-06
ESP_10,wind_onshore_competing_FR,electricity,0.00038242200698992187
ESP_10,wind_onshore_competing_IND,electricity,0.00033014761050647126
ESP_10,wind_onshore_competing_NDL,electricity,0.00039447206085890265
ESP_10,wind_onshore_competing_PT,electricity,0.0003846648244883639
ESP_10,wind_onshore_monopoly_CN,electricity,0.0003164857584936666
ESP_10,wind_onshore_monopoly_DE,electricity,0.000362427471888216
ESP_10,wind_onshore_monopoly_ESP,electricity,0.00037996868869113966
ESP_10,wind_onshore_monopoly_FR,electricity,0.0003694114169508374
ESP_10,wind_onshore_monopoly_IND,electricity,0.00031569790259250224
ESP_10,wind_onshore_monopoly_NDL,electricity,0.00021590570070101928
ESP_10,wind_onshore_monopoly_PT,electricity,0.00037119316027560076
ESP_11,ESP_10_ESP_11_ac_ohl_transmission,electricity,3200.0
ESP_11,ESP_3_ESP_11_ac_ohl_transmission,electricity,2700.0
ESP_11,ESP_5_ESP_11_ac_ohl_transmission,electricity,5700.0
ESP_11,ESP_6_ESP_11_ac_ohl_transmission,electricity,1100.0
ESP_11,ESP_7_ESP_11_ac_ohl_transmission,electricity,2100.0
ESP_11,Trade_Markets_ESP_11_coal_transmission,coal,0.0
ESP_11,Trade_Markets_ESP_11_natural_gas_transmission,natural_gas,0.00019956122342276774
ESP_11,Trade_Markets_ESP_11_oil_fuel_transmission,oil,0.0003331782647089977
ESP_11,Trade_Markets_ESP_11_uranium_transmission,uranium,1063.939849206218
ESP_11,battery_CN,electricity,0.0008220622884076457
ESP_11,battery_CZ,electricity,0.0007973490382807047
ESP_11,battery_ESP,electricity,0.0009630438089852612
ESP_11,battery_HU,electricity,0.00078094369304687
ESP_11,battery_PL,electricity,0.000794795470436715
ESP_11,battery_US,electricity,0.0008121515426299678
ESP_11,biogas_to_electricity_supply_BEL,electricity,0.0008959646292340135
ESP_11,biogas_to_electricity_supply_CAN,electricity,2.0225761799983884e-05
ESP_11,biogas_to_electricity_supply_FR,electricity,1.7403495582574323e-05
ESP_11,biogas_to_electricity_supply_FSM,electricity,3.585341107865906e-05
ESP_11,biogas_to_electricity_supply_UK,electricity,2.5406890973711463e-05
ESP_11,biogas_to_electricity_supply_USA,electricity,3.478279049087543e-05
ESP_11,biomass_ESP,electricity,5.192151286854419e-05
ESP_11,biomass_FR,electricity,8.116665194672431e-05
ESP_11,biomass_IT,electricity,7.609045739835038e-05
ESP_11,demand_tech,electricity,4907.90434347305
ESP_11,existing_biogas_to_electricity_supply,electricity,3.44
ESP_11,existing_biomass,electricity,10.44
ESP_11,existing_ccgt,electricity,8.152869348413151e-05
ESP_11,existing_ccgt,natural_gas,8.152869348413254e-05
ESP_11,existing_chp,electricity,2923.97
ESP_11,existing_chp,natural_gas,2923.97
ESP_11,existing_coal,coal,0.0
ESP_11,existing_coal,electricity,0.0
ESP_11,existing_hydro_reservoir,electricity,542.2
ESP_11,existing_hydro_run_of_river,electricity,53.4
ESP_11,existing_nuclear,electricity,1063.94
ESP_11,existing_nuclear,uranium,1063.94
ESP_11,existing_oil_and_other,electricity,0.010761212865896706
ESP_11,existing_oil_and_other,oil,0.01076121286589685
ESP_11,existing_open_field_pv,electricity,334.52
ESP_11,existing_pumped_hydro,electricity,1476.35
ESP_11,existing_rooftop_pv,electricity,13.05
ESP_11,existing_wind_onshore,electricity,1193.24
ESP_11,existing_wte,electricity,1.3400403771732182e-05
ESP_11,open_field_pv_CN,electricity,0.000339586611634789
ESP_11,open_field_pv_DE,electricity,0.00800030755658614
ESP_11,open_field_pv_ESP,electricity,0.00010435475514579892
ESP_11,open_field_pv_MY,electricity,0.003093290845307131
ESP_11,open_field_pv_NL,electricity,2183.3693603886245
ESP_11,open_field_pv_PT,electricity,0.0009503563116719131
ESP_11,pumped_hydro_CN,electricity,0.0016762085572026532
ESP_11,pumped_hydro_ESP,electricity,4.823650541590003e-05
ESP_11,roof_mounted_pv_CN,electricity,0.0003954879006953266
ESP_11,roof_mounted_pv_DE,electricity,0.0003402101627746237
ESP_11,roof_mounted_pv_ESP,electricity,8.096621639755578e-05
ESP_11,roof_mounted_pv_MY,electricity,0.00032322601187374854
ESP_11,roof_mounted_pv_NL,electricity,0.0003565664791712476
ESP_11,roof_mounted_pv_PT,electricity,0.00027716339001910304
ESP_11,wind_offshore_CN,electricity,0.0001681245243232511
ESP_11,wind_offshore_DE,electricity,0.00017919335496018835
ESP_11,wind_offshore_ESP,electricity,1.5376446376723726e-06
ESP_11,wind_offshore_FR,electricity,0.00018093527913037638
ESP_11,wind_offshore_IND,electricity,0.00016791114586188808
ESP_11,wind_offshore_NDL,electricity,0.00018357916950327674
ESP_11,wind_offshore_PT,electricity,0.00018142664412689602
ESP_11,wind_onshore_competing_CN,electricity,0.0003222621356470572
ESP_11,wind_onshore_competing_DE,electricity,0.00037366099285107273
ESP_11,wind_onshore_competing_ESP,electricity,1.4131295511331769e-06
ESP_11,wind_onshore_competing_FR,electricity,0.00038163523309262275
ESP_11,wind_onshore_competing_IND,electricity,0.0003437756971221286
ESP_11,wind_onshore_competing_NDL,electricity,0.00039440674982553785
ESP_11,wind_onshore_competing_PT,electricity,0.00038400585890007994
ESP_11,wind_onshore_monopoly_CN,electricity,0.0003289106020677499
ESP_11,wind_onshore_monopoly_DE,electricity,0.0003771602961554255
ESP_11,wind_onshore_monopoly_ESP,electricity,0.0004043550158746342
ESP_11,wind_onshore_monopoly_FR,electricity,0.00038938869701839255
ESP_11,wind_onshore_monopoly_IND,electricity,0.0003280452012459823
ESP_11,wind_onshore_monopoly_NDL,electricity,0.00022240392223472343
ESP_11,wind_onshore_monopoly_PT,electricity,0.00039071655717591325
ESP_2,ESP_1_ESP_2_ac_ohl_transmission,electricity,7200.0
ESP_2,ESP_2_ESP_3_ac_ohl_transmission,electricity,19100.0
ESP_2,ESP_2_ESP_4_ac_ohl_transmission,electricity,2400.0
ESP_2,ESP_2_ESP_8_techs_ac_ohl_transmission,electricity,2400.0
ESP_2,ESP_2_PRT_1_ac_ohl_transmission,electricity,950.0
ESP_2,ESP_3_ESP_7_ac_ohl_transmission,electricity,10200.0
ESP_2,Trade_Markets_ESP_2_coal_transmission,coal,7.885671510086194e-05
ESP_2,Trade_Markets_ESP_2_natural_gas_transmission,natural_gas,3.436414338407368e-05
ESP_2,Trade_Markets_ESP_2_oil_fuel_transmission,oil,0.004282030775143882
ESP_2,Trade_Markets_ESP_2_uranium_transmission,uranium,455.2899592593536
ESP_2,battery_CN,electricity,0.0009609250390886954
ESP_2,battery_CZ,electricity,0.0009278357560901252
ESP_2,battery_ESP,electricity,0.0010895358774972354
ESP_2,battery_HU,electricity,0.0009062221107281293
ESP_2,battery_PL,electricity,0.0009244508662681883
ESP_2,battery_US,electricity,0.0009476857630888178
ESP_2,biogas_to_electricity_supply_BEL,electricity,0.0009298861957564972
ESP_2,biogas_to_electricity_supply_CAN,electricity,2.0187383335245276e-05
ESP_2,biogas_to_electricity_supply_FR,electricity,1.7369824323438877e-05
ESP_2,biogas_to_electricity_supply_FSM,electricity,3.5745287566139335e-05
ESP_2,biogas_to_electricity_supply_UK,electricity,2.5359614868021416e-05
ESP_2,biogas_to_electricity_supply_USA,electricity,3.467930879654821e-05
ESP_2,biomass_ESP,electricity,5.068169802584395e-05
ESP_2,biomass_FR,electricity,7.933570035973344e-05
ESP_2,biomass_IT,electricity,7.415849185773465e-05
ESP_2,demand_tech,electricity,4242.924712420673
ESP_2,existing_biogas_to_electricity_supply,electricity,15.63
ESP_2,existing_biomass,electricity,47.46
ESP_2,existing_ccgt,electricity,8.070762470991676e-05
ESP_2,existing_ccgt,natural_gas,8.070762470991532e-05
ESP_2,existing_chp,electricity,0.0
ESP_2,existing_chp,natural_gas,0.0
ESP_2,existing_coal,coal,0.00012084370691865833
ESP_2,existing_coal,electricity,0.00012084370691865699
ESP_2,existing_hydro_reservoir,electricity,2685.24
ESP_2,existing_hydro_run_of_river,electricity,48.6
ESP_2,existing_nuclear,electricity,455.29
ESP_2,existing_nuclear,uranium,455.29
ESP_2,existing_oil_and_other,electricity,0.014533635356306139
ESP_2,existing_oil_and_other,oil,0.014533635356306177
ESP_2,existing_open_field_pv,electricity,476.98
ESP_2,existing_pumped_hydro,electricity,1238.0
ESP_2,existing_rooftop_pv,electricity,18.6
ESP_2,existing_wind_onshore,electricity,5605.505
ESP_2,existing_wte,electricity,1.7797325518358605e-05
ESP_2,open_field_pv_CN,electricity,0.0003350021932395051
ESP_2,open_field_pv_DE,electricity,0.007464079289779592
ESP_2,open_field_pv_ESP,electricity,0.00010299618667554193
ESP_2,open_field_pv_MY,electricity,0.002962183862495486
ESP_2,open_field_pv_NL,electricity,1564.8782618499217
ESP_2,open_field_pv_PT,electricity,0.0009547926922477868
ESP_2,pumped_hydro_CN,electricity,0.001119344182514978
ESP_2,pumped_hydro_ESP,electricity,3.591641434376474e-05
ESP_2,roof_mounted_pv_CN,electricity,0.00038149013377967707
ESP_2,roof_mounted_pv_DE,electricity,0.00033370508847278574
ESP_2,roof_mounted_pv_ESP,electricity,7.845750409500254e-05
ESP_2,roof_mounted_pv_MY,electricity,0.00031748279001065716
ESP_2,roof_mounted_pv_NL,electricity,0.00034904794065749564
ESP_2,roof_mounted_pv_PT,electricity,0.0002727363002437992
ESP_2,wind_offshore_CN,electricity,0.00016742811868025782
ESP_2,wind_offshore_DE,electricity,0.00017841065082752785
ESP_2,wind_offshore_ESP,electricity,1.538459090820922e-06
ESP_2,wind_offshore_FR,electricity,0.00018015216045976412
ESP_2,wind_offshore_IND,electricity,0.00016721611360015948
ESP_2,wind_offshore_NDL,electricity,0.00018278248445189064
ESP_2,wind_offshore_PT,electricity,0.0001806416670961996
ESP_2,wind_onshore_competing_CN,electricity,0.00031859210847732286
ESP_2,wind_onshore_competing_DE,electricity,0.0003654933993605274
ESP_2,wind_onshore_competing_ESP,electricity,1.402353968589762e-06
ESP_2,wind_onshore_competing_FR,electricity,0.0003726081119443407
ESP_2,wind_onshore_competing_IND,electricity,0.0003195862604920145
ESP_2,wind_onshore_competing_NDL,electricity,0.00038391911101811395
ESP_2,wind_onshore_competing_PT,electricity,0.00037471497334426874
ESP_2,wind_onshore_monopoly_CN,electricity,0.0003031657914218175
ESP_2,wind_onshore_monopoly_DE,electricity,0.00034247681925147377
ESP_2,wind_onshore_monopoly_ESP,electricity,0.0003605116837699736
ESP_2,wind_onshore_monopoly_FR,electricity,0.00035018408812909654
ESP_2,wind_onshore_monopoly_IND,electricity,0.00030246272022969785
ESP_2,wind_onshore_monopoly_NDL,electricity,0.0002089749706670237
ESP_2,wind_onshore_monopoly_PT,electricity,0.0003517297590347781
ESP_3,ESP_2_ESP_3_ac_ohl_transmission,electricity,19100.0
ESP_3,ESP_3_ESP_11_ac_ohl_transmission,electricity,2700.0
ESP_3,ESP_3_ESP_4_ac_ohl_transmission,electricity,7100.0
ESP_3,ESP_3_ESP_5_ac_ohl_transmission,electricity,3900.0
ESP_3,Trade_Markets_ESP_3_natural_gas_transmission,natural_gas,223.02154652021235
ESP_3,battery_CN,electricity,0.0035584011799772216
ESP_3,battery_CZ,electricity,0.003249188792487951
ESP_3,battery_ESP,electricity,0.002568314631261872
ESP_3,battery_HU,electricity,0.003051746952581113
ESP_3,battery_PL,electricity,0.003217626014887949
ESP_3,battery_US,electricity,0.003439113545171908
ESP_3,biogas_to_electricity_supply_BEL,electricity,0.0010347739001167647
ESP_3,biogas_to_electricity_supply_CAN,electricity,2.0218263567870107e-05
ESP_3,biogas_to_electricity_supply_FR,electricity,1.7392562480432977e-05
ESP_3,biogas_to_electricity_supply_FSM,electricity,3.587612766253248e-05
ESP_3,biogas_to_electricity_supply_UK,electricity,2.5409095166689965e-05
ESP_3,biogas_to_electricity_supply_USA,electricity,3.4799902758719135e-05
ESP_3,biomass_ESP,electricity,5.531164032985784e-05
ESP_3,biomass_FR,electricity,7.049290120765424e-05
ESP_3,biomass_IT,electricity,4.763753167127606e-05
ESP_3,demand_tech,electricity,1260.2657001242678
ESP_3,existing_biogas_to_electricity_supply,electricity,1.15
ESP_3,existing_biomass,electricity,3.49
ESP_3,existing_ccgt,electricity,9.940048879953228e-05
ESP_3,existing_ccgt,natural_gas,9.940048879952796e-05
ESP_3,existing_chp,electricity,800.0
ESP_3,existing_chp,natural_gas,800.0
ESP_3,existing_coal,coal,0.0
ESP_3,existing_coal,electricity,0.0
ESP_3,existing_hydro_reservoir,electricity,0.0
ESP_3,existing_hydro_run_of_river,electricity,29.13
ESP_3,existing_nuclear,electricity,0.0
ESP_3,existing_nuclear,uranium,0.0
ESP_3,existing_oil_and_other,electricity,0.0
ESP_3,existing_oil_and_other,oil,0.0
ESP_3,existing_open_field_pv,electricity,82.25
ESP_3,existing_pumped_hydro,electricity,0.0
ESP_3,existing_rooftop_pv,electricity,3.21
ESP_3,existing_wind_onshore,electricity,449.62
ESP_3,existing_wte,electricity,0.0
ESP_3,open_field_pv_CN,electricity,0.00036764520389855743
ESP_3,open_field_pv_DE,electricity,0.008663987746373026
ESP_3,open_field_pv_ESP,electricity,0.00010445142749567507
ESP_3,open_field_pv_MY,electricity,0.0033994906548267803
ESP_3,open_field_pv_NL,electricity,815.219947420656
ESP_3,open_field_pv_PT,electricity,0.0010600422336279182
ESP_3,pumped_hydro_CN,electricity,79.2687765741188
ESP_3,pumped_hydro_ESP,electricity,3.7269449946696795e-05
ESP_3,roof_mounted_pv_CN,electricity,0.00042325830824301133
ESP_3,roof_mounted_pv_DE,electricity,0.0003695830182583333
ESP_3,roof_mounted_pv_ESP,electricity,7.92708167654781e-05
ESP_3,roof_mounted_pv_MY,electricity,0.00034966054055358357
ESP_3,roof_mounted_pv_NL,electricity,0.0003889742419395637
ESP_3,roof_mounted_pv_PT,electricity,0.0002951613310049807
ESP_3,wind_offshore_CN,electricity,0.0
ESP_3,wind_offshore_DE,electricity,0.0
ESP_3,wind_offshore_ESP,electricity,0.0
ESP_3,wind_offshore_FR,electricity,0.0
ESP_3,wind_offshore_IND,electricity,0.0
ESP_3,wind_offshore_NDL,electricity,0.0
ESP_3,wind_offshore_PT,electricity,0.0
ESP_3,wind_onshore_competing_CN,electricity,0.00028798539750682307
ESP_3,wind_onshore_competing_DE,electricity,0.00032551072510887506
ESP_3,wind_onshore_competing_ESP,electricity,1.4180779909588343e-06
ESP_3,wind_onshore_competing_FR,electricity,0.0003311209817650875
ESP_3,wind_onshore_competing_IND,electricity,0.00031808038991013444
ESP_3,wind_onshore_competing_NDL,electricity,0.000339975124034619
ESP_3,wind_onshore_competing_PT,electricity,0.0003327764249005622
ESP_3,wind_onshore_monopoly_CN,electricity,0.0003088916003011916
ESP_3,wind_onshore_monopoly_DE,electricity,0.00035153365948842764
ESP_3,wind_onshore_monopoly_ESP,electricity,0.00037000766451424614
ESP_3,wind_onshore_monopoly_FR,electricity,0.0003590408635080314
ESP_3,wind_onshore_monopoly_IND,electricity,0.0003081337721447195
ESP_3,wind_onshore_monopoly_NDL,electricity,0.00021436035624541275
ESP_3,wind_onshore_monopoly_PT,electricity,0.00036082147957864903
ESP_4,ESP_2_ESP_4_ac_ohl_transmission,electricity,2400.0
ESP_4,ESP_3_ESP_4_ac_ohl_transmission,electricity,7100.0
ESP_4,ESP_3_ESP_7_ac_ohl_transmission,electricity,10200.0
ESP_4,ESP_4_ESP_5_techs_ac_ohl_transmission,electricity,900.0
ESP_4,ESP_4_FRA_1_ac_ohl_mountain_transmission,electricity,1000.0
ESP_4,ESP_4_FRA_1_dc_subsea_transmission,electricity,2000.0
ESP_4,ESP_4_FRA_1_dc_underground_transmission,electricity,3500.0
ESP_4,Trade_Markets_ESP_4_natural_gas_transmission,natural_gas,519.150970384112
ESP_4,battery_CN,electricity,0.005772173301190802
ESP_4,battery_CZ,electricity,0.005180540375680016
ESP_4,battery_ESP,electricity,0.003551127879597873
ESP_4,battery_HU,electricity,0.004806940660027846
ESP_4,battery_PL,electricity,0.005120602246871397
ESP_4,battery_US,electricity,0.005542765684415618
ESP_4,biogas_to_electricity_supply_BEL,electricity,0.0013311769706599
ESP_4,biogas_to_electricity_supply_CAN,electricity,2.0503613583524816e-05
ESP_4,biogas_to_electricity_supply_FR,electricity,1.762110561964257e-05
ESP_4,biogas_to_electricity_supply_FSM,electricity,3.683025353031165e-05
ESP_4,biogas_to_electricity_supply_UK,electricity,2.5797816404251156e-05
ESP_4,biogas_to_electricity_supply_USA,electricity,3.569963874609811e-05
ESP_4,biomass_ESP,electricity,4.9853917597274285e-05
ESP_4,biomass_FR,electricity,7.439881459416065e-05
ESP_4,biomass_IT,electricity,4.706891438651979e-05
ESP_4,demand_tech,electricity,2425.785900617925
ESP_4,existing_biogas_to_electricity_supply,electricity,17.65
ESP_4,existing_biomass,electricity,53.58
ESP_4,existing_ccgt,electricity,8.239564436891222e-05
ESP_4,existing_ccgt,natural_gas,8.239564436890953e-05
ESP_4,existing_chp,electricity,2873.0
ESP_4,existing_chp,natural_gas,2873.0
ESP_4,existing_coal,coal,0.0
ESP_4,existing_coal,electricity,0.0
ESP_4,existing_hydro_reservoir,electricity,114.27
ESP_4,existing_hydro_run_of_river,electricity,53.45
ESP_4,existing_nuclear,electricity,0.0
ESP_4,existing_nuclear,uranium,0.0
ESP_4,existing_oil_and_other,electricity,0.0
ESP_4,existing_oil_and_other,oil,0.0
ESP_4,existing_open_field_pv,electricity,180.17
ESP_4,existing_pumped_hydro,electricity,0.0
ESP_4,existing_rooftop_pv,electricity,7.03
ESP_4,existing_wind_onshore,electricity,1138.113
ESP_4,existing_wte,electricity,1.3405905961817198e-05
ESP_4,open_field_pv_CN,electricity,0.00036310904311304376
ESP_4,open_field_pv_DE,electricity,0.010034287846348645
ESP_4,open_field_pv_ESP,electricity,0.00010437758151670294
ESP_4,open_field_pv_MY,electricity,0.004029187324771175
ESP_4,open_field_pv_NL,electricity,1558.5308358055877
ESP_4,open_field_pv_PT,electricity,0.001237847306125806
ESP_4,pumped_hydro_CN,electricity,0.0
ESP_4,pumped_hydro_ESP,electricity,0.0
ESP_4,roof_mounted_pv_CN,electricity,0.000421653679594715
ESP_4,roof_mounted_pv_DE,electricity,0.00036664476446922274
ESP_4,roof_mounted_pv_ESP,electricity,7.970669617773186e-05
ESP_4,roof_mounted_pv_MY,electricity,0.00034695377956598533
ESP_4,roof_mounted_pv_NL,electricity,0.0003855530684868018
ESP_4,roof_mounted_pv_PT,electricity,0.00029353695598800957
ESP_4,wind_offshore_CN,electricity,0.0001810795542403646
ESP_4,wind_offshore_DE,electricity,0.00019280713313898652
ESP_4,wind_offshore_ESP,electricity,1.526031642599466e-06
ESP_4,wind_offshore_FR,electricity,0.0001948350341473332
ESP_4,wind_offshore_IND,electricity,0.00018084550966905268
ESP_4,wind_offshore_NDL,electricity,0.0001978339388251169
ESP_4,wind_offshore_PT,electricity,0.000195433265906861
ESP_4,wind_onshore_competing_CN,electricity,0.0003391617072054925
ESP_4,wind_onshore_competing_DE,electricity,0.00038550307799579855
ESP_4,wind_onshore_competing_ESP,electricity,1.3717052772819708e-06
ESP_4,wind_onshore_competing_FR,electricity,0.0003924310870017909
ESP_4,wind_onshore_competing_IND,electricity,0.0003086561740857855
ESP_4,wind_onshore_competing_NDL,electricity,0.0004033721614454621
ESP_4,wind_onshore_competing_PT,electricity,0.00039447596003447307
ESP_4,wind_onshore_monopoly_CN,electricity,0.0002933944015294261
ESP_4,wind_onshore_monopoly_DE,electricity,0.00032994747558933303
ESP_4,wind_onshore_monopoly_ESP,electricity,0.0003436735123250168
ESP_4,wind_onshore_monopoly_FR,electricity,0.0003354374444306147
ESP_4,wind_onshore_monopoly_IND,electricity,0.00029275059246862314
ESP_4,wind_onshore_monopoly_NDL,electricity,0.0002021347839955529
ESP_4,wind_onshore_monopoly_PT,electricity,0.00033685904279583925
ESP_5,ESP_3_ESP_5_ac_ohl_transmission,electricity,3900.0
ESP_5,ESP_4_ESP_5_techs_ac_ohl_transmission,electricity,900.0
ESP_5,ESP_5_ESP_11_ac_ohl_transmission,electricity,5700.0
ESP_5,ESP_5_ESP_6_techs_ac_ohl_transmission,electricity,7000.0
ESP_5,ESP_5_FRA_1_ac_ohl_transmission,electricity,100.0
ESP_5,Trade_Markets_ESP_5_coal_transmission,coal,5.659627398301471e-05
ESP_5,Trade_Markets_ESP_5_natural_gas_transmission,natural_gas,244.97796499449373
ESP_5,battery_CN,electricity,0.0015458353680943178
ESP_5,battery_CZ,electricity,0.001471979939139755
ESP_5,battery_ESP,electricity,0.0015266116346480075
ESP_5,battery_HU,electricity,0.001423751445998757
ESP_5,battery_PL,electricity,0.001464384582052958
ESP_5,battery_US,electricity,0.001516906085189325
ESP_5,biogas_to_electricity_supply_BEL,electricity,0.0010916340614865784
ESP_5,biogas_to_electricity_supply_CAN,electricity,2.0349575888655452e-05
ESP_5,biogas_to_electricity_supply_FR,electricity,1.7504965992720022e-05
ESP_5,biogas_to_electricity_supply_FSM,electricity,3.6278269992439044e-05
ESP_5,biogas_to_electricity_supply_UK,electricity,2.557484035829879e-05
ESP_5,biogas_to_electricity_supply_USA,electricity,3.518178764449055e-05
ESP_5,biomass_ESP,electricity,5.4028927493311935e-05
ESP_5,biomass_FR,electricity,6.0600938930768566e-05
ESP_5,biomass_IT,electricity,4.780617803323347e-05
ESP_5,demand_tech,electricity,1494.4661838746447
ESP_5,existing_biogas_to_electricity_supply,electricity,1.66
ESP_5,existing_biomass,electricity,5.03
ESP_5,existing_ccgt,electricity,8.142814208103572e-05
ESP_5,existing_ccgt,natural_gas,8.14281420810367e-05
ESP_5,existing_chp,electricity,1890.2
ESP_5,existing_chp,natural_gas,1890.2
ESP_5,existing_coal,coal,0.00010078945940292794
ESP_5,existing_coal,electricity,0.00010078945940293388
ESP_5,existing_hydro_reservoir,electricity,771.36
ESP_5,existing_hydro_run_of_river,electricity,211.09
ESP_5,existing_nuclear,electricity,0.0
ESP_5,existing_nuclear,uranium,0.0
ESP_5,existing_oil_and_other,electricity,0.0
ESP_5,existing_oil_and_other,oil,0.0
ESP_5,existing_open_field_pv,electricity,161.97
ESP_5,existing_pumped_hydro,electricity,305.0
ESP_5,existing_rooftop_pv,electricity,6.32
ESP_5,existing_wind_onshore,electricity,1904.82
ESP_5,existing_wte,electricity,1.3571568476376835e-05
ESP_5,open_field_pv_CN,electricity,0.00035504792977530725
ESP_5,open_field_pv_DE,electricity,0.008931730254414337
ESP_5,open_field_pv_ESP,electricity,0.00010347998070814668
ESP_5,open_field_pv_MY,electricity,0.003464370572916207
ESP_5,open_field_pv_NL,electricity,687.8525798593456
ESP_5,open_field_pv_PT,electricity,0.0010553555544698914
ESP_5,pumped_hydro_CN,electricity,0.016242286918707466
ESP_5,pumped_hydro_ESP,electricity,7.918806766323427e-05
ESP_5,roof_mounted_pv_CN,electricity,0.0004058315700826121
ESP_5,roof_mounted_pv_DE,electricity,0.0003536637654599551
ESP_5,roof_mounted_pv_ESP,electricity,7.863898380821294e-05
ESP_5,roof_mounted_pv_MY,electricity,0.000335364701833578
ESP_5,roof_mounted_pv_NL,electricity,0.00037121221564531784
ESP_5,roof_mounted_pv_PT,electricity,0.00028601115422656866
ESP_5,wind_offshore_CN,electricity,0.0
ESP_5,wind_offshore_DE,electricity,0.0
ESP_5,wind_offshore_ESP,electricity,0.0
ESP_5,wind_offshore_FR,electricity,0.0
ESP_5,wind_offshore_IND,electricity,0.0
ESP_5,wind_offshore_NDL,electricity,0.0
ESP_5,wind_offshore_PT,electricity,0.0
ESP_5,wind_onshore_competing_CN,electricity,0.0003234155812459143
ESP_5,wind_onshore_competing_DE,electricity,0.0003727134506938519
ESP_5,wind_onshore_competing_ESP,electricity,1.4077970684488765e-06
ESP_5,wind_onshore_competing_FR,electricity,0.00038023901944155773
ESP_5,wind_onshore_competing_IND,electricity,0.00031264858320130334
ESP_5,wind_onshore_competing_NDL,electricity,0.00039222455708262785
ESP_5,wind_onshore_competing_PT,electricity,0.0003824701029958333
ESP_5,wind_onshore_monopoly_CN,electricity,0.0002984295083352932
ESP_5,wind_onshore_monopoly_DE,electricity,0.00033757517427264537
ESP_5,wind_onshore_monopoly_ESP,electricity,0.00035297012676065994
ESP_5,wind_onshore_monopoly_FR,electricity,0.00034352048155090954
ESP_5,wind_onshore_monopoly_IND,electricity,0.00029773640138892773
ESP_5,wind_onshore_monopoly_NDL,electricity,0.00020804481856396114
ESP_5,wind_onshore_monopoly_PT,electricity,0.0003449158372020762
ESP_6,ESP_5_ESP_6_techs_ac_ohl_transmission,electricity,7000.0
ESP_6,ESP_6_ESP_11_ac_ohl_transmission,electricity,1100.0
ESP_6,ESP_6_FRA_2_ac_ohl_mountain_transmission,electricity,1000.0
ESP_6,ESP_6_FRA_2_dc_underground_transmission,electricity,800.0
ESP_6,ESP_6_FRA_3_dc_subsea_transmission,electricity,700.0
ESP_6,ESP_9_MA_dc_subsea_transmission,electricity,0.0
ESP_6,Trade_Markets_ESP_6_natural_gas_transmission,natural_gas,542.6941964340888
ESP_6,Trade_Markets_ESP_6_oil_fuel_transmission,oil,0.0016565737621747874
ESP_6,Trade_Markets_ESP_6_uranium_transmission,uranium,3032.80994479366
ESP_6,battery_CN,electricity,0.0016199211047600508
ESP_6,battery_CZ,electricity,0.0015343606879120977
ESP_6,battery_ESP,electricity,0.0016017828617587312
ESP_6,battery_HU,electricity,0.0014772884841516938
ESP_6,battery_PL,electricity,0.0015254061407831705
ESP_6,battery_US,electricity,0.0015867854012845046
ESP_6,biogas_to_electricity_supply_BEL,electricity,0.000995258148798765
ESP_6,biogas_to_electricity_supply_CAN,electricity,2.0337844995483658e-05
ESP_6,biogas_to_electricity_supply_FR,electricity,1.74881825714934e-05
ESP_6,biogas_to_electricity_supply_FSM,electricity,3.624816926859782e-05
ESP_6,biogas_to_electricity_supply_UK,electricity,2.5575299449661477e-05
ESP_6,biogas_to_electricity_supply_USA,electricity,3.515471828825044e-05
ESP_6,biomass_ESP,electricity,5.4997350689310946e-05
ESP_6,biomass_FR,electricity,9.089909895905049e-05
ESP_6,biomass_IT,electricity,8.705121750168766e-05
ESP_6,demand_tech,electricity,5842.2762029435
ESP_6,existing_biogas_to_electricity_supply,electricity,15.42
ESP_6,existing_biomass,electricity,46.81
ESP_6,existing_ccgt,electricity,8.321741146971748e-05
ESP_6,existing_ccgt,natural_gas,8.32174114697182e-05
ESP_6,existing_chp,electricity,4005.56
ESP_6,existing_chp,natural_gas,4005.56
ESP_6,existing_coal,coal,0.0
ESP_6,existing_coal,electricity,0.0
ESP_6,existing_hydro_reservoir,electricity,1263.79
ESP_6,existing_hydro_run_of_river,electricity,290.27
ESP_6,existing_nuclear,electricity,3032.81
ESP_6,existing_nuclear,uranium,3032.81
ESP_6,existing_oil_and_other,electricity,3.8
ESP_6,existing_oil_and_other,oil,3.8
ESP_6,existing_open_field_pv,electricity,256.44
ESP_6,existing_pumped_hydro,electricity,534.0
ESP_6,existing_rooftop_pv,electricity,10.0
ESP_6,existing_wind_onshore,electricity,1268.81
ESP_6,existing_wte,electricity,1.3501561015640771e-05
ESP_6,open_field_pv_CN,electricity,0.0003652957388482213
ESP_6,open_field_pv_DE,electricity,0.00959964114654266
ESP_6,open_field_pv_ESP,electricity,0.00010792204665749692
ESP_6,open_field_pv_MY,electricity,0.0036712582614977585
ESP_6,open_field_pv_NL,electricity,1237.1046628286238
ESP_6,open_field_pv_PT,electricity,0.0010957804694435042
ESP_6,pumped_hydro_CN,electricity,0.010039421775461146
ESP_6,pumped_hydro_ESP,electricity,0.0001081589462325928
ESP_6,roof_mounted_pv_CN,electricity,0.00042592729832315556
ESP_6,roof_mounted_pv_DE,electricity,0.0003686298158886714
ESP_6,roof_mounted_pv_ESP,electricity,8.282378815463345e-05
ESP_6,roof_mounted_pv_MY,electricity,0.000348771334119403
ESP_6,roof_mounted_pv_NL,electricity,0.0003874929508925288
ESP_6,roof_mounted_pv_PT,electricity,0.00029572497423358826
ESP_6,wind_offshore_CN,electricity,0.00016979187120484004
ESP_6,wind_offshore_DE,electricity,0.00018119298479216074
ESP_6,wind_offshore_ESP,electricity,1.5392930423727718e-06
ESP_6,wind_offshore_FR,electricity,0.00018301641068334566
ESP_6,wind_offshore_IND,electricity,0.00016957145512293888
ESP_6,wind_offshore_NDL,electricity,0.00018576028785986402
ESP_6,wind_offshore_PT,electricity,0.00018352699168070087
ESP_6,wind_onshore_competing_CN,electricity,0.0003507746928240557
ESP_6,wind_onshore_competing_DE,electricity,0.00040208032145786356
ESP_6,wind_onshore_competing_ESP,electricity,1.3753980435906562e-06
ESP_6,wind_onshore_competing_FR,electricity,0.00040983507261034015
ESP_6,wind_onshore_competing_IND,electricity,0.00032407308511828116
ESP_6,wind_onshore_competing_NDL,electricity,0.0004220918539109185
ESP_6,wind_onshore_competing_PT,electricity,0.0004121283553359589
ESP_6,wind_onshore_monopoly_CN,electricity,0.0002994180568994467
ESP_6,wind_onshore_monopoly_DE,electricity,0.00033840777127149723
ESP_6,wind_onshore_monopoly_ESP,electricity,0.00035376615167395783
ESP_6,wind_onshore_monopoly_FR,electricity,0.0003444402636757491
ESP_6,wind_onshore_monopoly_IND,electricity,0.0002987256775078823
ESP_6,wind_onshore_monopoly_NDL,electricity,0.0002060577473816287
ESP_6,wind_onshore_monopoly_PT,electricity,0.000346029448311003
ESP_7,ESP_7_ESP_11_ac_ohl_transmission,electricity,2100.0
ESP_7,ESP_7_ESP_8_ac_ohl_transmission,electricity,8700.0
ESP_7,Trade_Markets_ESP_7_coal_transmission,coal,0.0
ESP_7,Trade_Markets_ESP_7_natural_gas_transmission,natural_gas,9.365472492063587e-05
ESP_7,Trade_Markets_ESP_7_uranium_transmission,uranium,0.0
ESP_7,battery_CN,electricity,1019.7601516681062
ESP_7,battery_CZ,electricity,0.18579960985647656
ESP_7,battery_ESP,electricity,0.008405741909049278
ESP_7,battery_HU,electricity,0.08441265400164333
ESP_7,battery_PL,electricity,0.1590420488427174
ESP_7,battery_US,electricity,0.8083233753022239
ESP_7,biogas_to_electricity_supply_BEL,electricity,0.0016879371926813592
ESP_7,biogas_to_electricity_supply_CAN,electricity,2.1739323512787383e-05
ESP_7,biogas_to_electricity_supply_FR,electricity,1.85848272695647e-05
ESP_7,biogas_to_electricity_supply_FSM,electricity,4.045110049564136e-05
ESP_7,biogas_to_electricity_supply_UK,electricity,2.748502847482969e-05
ESP_7,biogas_to_electricity_supply_USA,electricity,3.913346030572137e-05
ESP_7,biomass_ESP,electricity,5.7512083762959196e-05
ESP_7,biomass_FR,electricity,5.397250060470728e-05
ESP_7,biomass_IT,electricity,5.0232239716887375e-05
ESP_7,demand_tech,electricity,3817.842668005048
ESP_7,existing_biogas_to_electricity_supply,electricity,10.55
ESP_7,existing_biomass,electricity,32.03
ESP_7,existing_ccgt,electricity,9.505808650901387e-05
ESP_7,existing_ccgt,natural_gas,9.505808650901414e-05
ESP_7,existing_chp,electricity,0.0
ESP_7,existing_chp,natural_gas,0.0
ESP_7,existing_coal,coal,0.0
ESP_7,existing_coal,electricity,0.0
ESP_7,existing_hydro_reservoir,electricity,55.45
ESP_7,existing_hydro_run_of_river,electricity,0.0
ESP_7,existing_nuclear,electricity,0.0
ESP_7,existing_nuclear,uranium,0.0
ESP_7,existing_oil_and_other,electricity,0.0
ESP_7,existing_oil_and_other,oil,0.0
ESP_7,existing_open_field_pv,electricity,60.89
ESP_7,existing_pumped_hydro,electricity,0.0
ESP_7,existing_rooftop_pv,electricity,2.37
ESP_7,existing_wind_onshore,electricity,3798.929
ESP_7,existing_wte,electricity,1.5426886604256826e-05
ESP_7,open_field_pv_CN,electricity,0.0003891044749368413
ESP_7,open_field_pv_DE,electricity,0.011624276158833893
ESP_7,open_field_pv_ESP,electricity,0.0001085144651606223
ESP_7,open_field_pv_MY,electricity,0.004453053610226396
ESP_7,open_field_pv_NL,electricity,2462.9301413053668
ESP_7,open_field_pv_PT,electricity,0.0015302597692213836
ESP_7,pumped_hydro_CN,electricity,0.0
ESP_7,pumped_hydro_ESP,electricity,0.0
ESP_7,roof_mounted_pv_CN,electricity,0.0004419853821766585
ESP_7,roof_mounted_pv_DE,electricity,0.0003823351966849584
ESP_7,roof_mounted_pv_ESP,electricity,8.05250996706112e-05
ESP_7,roof_mounted_pv_MY,electricity,0.000361449905512484
ESP_7,roof_mounted_pv_NL,electricity,0.00040246798759959617
ESP_7,roof_mounted_pv_PT,electricity,0.0003052645335625072
ESP_7,wind_offshore_CN,electricity,0.0
ESP_7,wind_offshore_DE,electricity,0.0
ESP_7,wind_offshore_ESP,electricity,0.0
ESP_7,wind_offshore_FR,electricity,0.0
ESP_7,wind_offshore_IND,electricity,0.0
ESP_7,wind_offshore_NDL,electricity,0.0
ESP_7,wind_offshore_PT,electricity,0.0
ESP_7,wind_onshore_competing_CN,electricity,0.0003481358566037506
ESP_7,wind_onshore_competing_DE,electricity,0.0003963829560428534
ESP_7,wind_onshore_competing_ESP,electricity,1.3740851690585037e-06
ESP_7,wind_onshore_competing_FR,electricity,0.00040362337536493714
ESP_7,wind_onshore_competing_IND,electricity,0.0003040166145252881
ESP_7,wind_onshore_competing_NDL,electricity,0.0004150714186278916
ESP_7,wind_onshore_competing_PT,electricity,0.00040576169085347516
ESP_7,wind_onshore_monopoly_CN,electricity,0.0002802886928483435
ESP_7,wind_onshore_monopoly_DE,electricity,0.0003126006568464082
ESP_7,wind_onshore_monopoly_ESP,electricity,0.0003252428101950888
ESP_7,wind_onshore_monopoly_FR,electricity,0.0003174548407127609
ESP_7,wind_onshore_monopoly_IND,electricity,0.00027969842472533486
ESP_7,wind_onshore_monopoly_NDL,electricity,0.00019248367443836152
ESP_7,wind_onshore_monopoly_PT,electricity,0.00031885088610838564
ESP_8,ESP_2_ESP_8_techs_ac_ohl_transmission,electricity,2400.0
ESP_8,ESP_7_ESP_8_ac_ohl_transmission,electricity,8700.0
ESP_8,ESP_8_ESP_10_ac_ohl_transmission,electricity,4000.0
ESP_8,ESP_8_ESP_9_ac_ohl_transmission,electricity,6100.0
ESP_8,ESP_8_PRT_2_ac_ohl_transmission,electricity,900.0
ESP_8,Trade_Markets_ESP_8_uranium_transmission,uranium,1.2400573483584517e-05
ESP_8,battery_CN,electricity,0.000877996401820298
ESP_8,battery_CZ,electricity,0.0008508748640305426
ESP_8,battery_ESP,electricity,0.0010190631130873348
ESP_8,battery_HU,electricity,0.0008331969175505527
ESP_8,battery_PL,electricity,0.0008481085491907696
ESP_8,battery_US,electricity,0.0008670839452724942
ESP_8,biogas_to_electricity_supply_BEL,electricity,0.0002363571838934099
ESP_8,biogas_to_electricity_supply_CAN,electricity,1.9458129978771648e-05
ESP_8,biogas_to_electricity_supply_FR,electricity,1.683719819482252e-05
ESP_8,biogas_to_electricity_supply_FSM,electricity,3.351081534522579e-05
ESP_8,biogas_to_electricity_supply_UK,electricity,2.4206033087990157e-05
ESP_8,biogas_to_electricity_supply_USA,electricity,3.257841775761423e-05
ESP_8,biomass_ESP,electricity,4.889618528546208e-05
ESP_8,biomass_FR,electricity,7.210268036202531e-05
ESP_8,biomass_IT,electricity,6.652379286189583e-05
ESP_8,demand_tech,electricity,1853.6216103309766
ESP_8,existing_biogas_to_electricity_supply,electricity,25.04
ESP_8,existing_biomass,electricity,76.81
ESP_8,existing_ccgt,electricity,0.0
ESP_8,existing_ccgt,natural_gas,0.0
ESP_8,existing_chp,electricity,800.0
ESP_8,existing_chp,natural_gas,800.0
ESP_8,existing_coal,coal,0.0
ESP_8,existing_coal,electricity,0.0
ESP_8,existing_hydro_reservoir,electricity,2514.545
ESP_8,existing_hydro_run_of_river,electricity,27.69
ESP_8,existing_nuclear,electricity,3.6442815425394024e-05
ESP_8,existing_nuclear,uranium,3.6442815425393794e-05
ESP_8,existing_oil_and_other,electricity,0.0
ESP_8,existing_oil_and_other,oil,0.0
ESP_8,existing_open_field_pv,electricity,1429.07
ESP_8,existing_pumped_hydro,electricity,292.0
ESP_8,existing_rooftop_pv,electricity,55.73
ESP_8,existing_wind_onshore,electricity,0.0
ESP_8,existing_wte,electricity,0.0
ESP_8,open_field_pv_CN,electricity,0.00029437913292098476
ESP_8,open_field_pv_DE,electricity,0.0002902765784751713
ESP_8,open_field_pv_ESP,electricity,8.633299490956286e-05
ESP_8,open_field_pv_MY,electricity,0.00027897043010497325
ESP_8,open_field_pv_NL,electricity,0.00030034708874049565
ESP_8,open_field_pv_PT,electricity,0.00024222930670868455
ESP_8,pumped_hydro_CN,electricity,0.0009871335805655625
ESP_8,pumped_hydro_ESP,electricity,3.4544197104447835e-05
ESP_8,roof_mounted_pv_CN,electricity,0.0003293650770740473
ESP_8,roof_mounted_pv_DE,electricity,0.0002874867256202925
ESP_8,roof_mounted_pv_ESP,electricity,7.549252531545767e-05
ESP_8,roof_mounted_pv_MY,electricity,0.0002756306898570745
ESP_8,roof_mounted_pv_NL,electricity,0.00029858378864297563
ESP_8,roof_mounted_pv_PT,electricity,0.00024224481525436043
ESP_8,wind_offshore_CN,electricity,0.0
ESP_8,wind_offshore_DE,electricity,0.0
ESP_8,wind_offshore_ESP,electricity,0.0
ESP_8,wind_offshore_FR,electricity,0.0
ESP_8,wind_offshore_IND,electricity,0.0
ESP_8,wind_offshore_NDL,electricity,0.0
ESP_8,wind_offshore_PT,electricity,0.0
ESP_8,wind_onshore_competing_CN,electricity,0.0002639599167834366
ESP_8,wind_onshore_competing_DE,electricity,0.00029499768535648995
ESP_8,wind_onshore_competing_ESP,electricity,1.4288930973807632e-06
ESP_8,wind_onshore_competing_FR,electricity,0.0002995966995529948
ESP_8,wind_onshore_competing_IND,electricity,0.0002972727339593124
ESP_8,wind_onshore_competing_NDL,electricity,0.00030683854159480083
ESP_8,wind_onshore_competing_PT,electricity,0.00030095207785899144
ESP_8,wind_onshore_monopoly_CN,electricity,0.00028472598832968436
ESP_8,wind_onshore_monopoly_DE,electricity,0.0003195262693195712
ESP_8,wind_onshore_monopoly_ESP,electricity,0.0003333174035675554
ESP_8,wind_onshore_monopoly_FR,electricity,0.0003250313985721547
ESP_8,wind_onshore_monopoly_IND,electricity,0.00028409268737124624
ESP_8,wind_onshore_monopoly_NDL,electricity,0.0002025003245927855
ESP_8,wind_onshore_monopoly_PT,electricity,0.0003263305615936491
ESP_9,ESP_8_ESP_9_ac_ohl_transmission,electricity,6100.0
ESP_9,ESP_9_ESP_10_ac_ohl_transmission,electricity,8100.0
ESP_9,ESP_9_PRT_2_ac_ohl_transmission,electricity,500.0
ESP_9,Trade_Markets_ESP_9_coal_transmission,coal,5.728333621978644e-05
ESP_9,Trade_Markets_ESP_9_natural_gas_transmission,natural_gas,781.2530246513132
ESP_9,battery_CN,electricity,0.001855696023268712
ESP_9,battery_CZ,electricity,0.0017485104965931832
ESP_9,battery_ESP,electricity,0.0016972765145309898
ESP_9,battery_HU,electricity,0.0016789039458706728
ESP_9,battery_PL,electricity,0.0017374974100998457
ESP_9,battery_US,electricity,0.0018139785173783606
ESP_9,biogas_to_electricity_supply_BEL,electricity,0.0011060558648024134
ESP_9,biogas_to_electricity_supply_CAN,electricity,2.047616756970339e-05
ESP_9,biogas_to_electricity_supply_FR,electricity,1.760227174106194e-05
ESP_9,biogas_to_electricity_supply_FSM,electricity,3.669071173385046e-05
ESP_9,biogas_to_electricity_supply_UK,electricity,2.5754200692267917e-05
ESP_9,biogas_to_electricity_supply_USA,electricity,3.557337909868603e-05
ESP_9,biomass_ESP,electricity,5.423286591520752e-05
ESP_9,biomass_FR,electricity,5.162910222985343e-05
ESP_9,biomass_IT,electricity,4.765204384159611e-05
ESP_9,demand_tech,electricity,4013.6828240970026
ESP_9,existing_biogas_to_electricity_supply,electricity,99.97
ESP_9,existing_biomass,electricity,303.51
ESP_9,existing_ccgt,electricity,8.1850721632746e-05
ESP_9,existing_ccgt,natural_gas,8.185072163273828e-05
ESP_9,existing_chp,electricity,6158.8
ESP_9,existing_chp,natural_gas,6158.8
ESP_9,existing_coal,coal,9.820756237287402e-05
ESP_9,existing_coal,electricity,9.820756237287498e-05
ESP_9,existing_hydro_reservoir,electricity,272.22
ESP_9,existing_hydro_run_of_river,electricity,193.19
ESP_9,existing_nuclear,electricity,0.0
ESP_9,existing_nuclear,uranium,0.0
ESP_9,existing_oil_and_other,electricity,0.0
ESP_9,existing_oil_and_other,oil,0.0
ESP_9,existing_open_field_pv,electricity,841.44
ESP_9,existing_pumped_hydro,electricity,570.0
ESP_9,existing_rooftop_pv,electricity,32.82
ESP_9,existing_wind_onshore,electricity,3327.181
ESP_9,existing_wte,electricity,1.356352408977841e-05
ESP_9,open_field_pv_CN,electricity,0.000352687516044222
ESP_9,open_field_pv_DE,electricity,0.008086537536853908
ESP_9,open_field_pv_ESP,electricity,0.00010373774318683327
ESP_9,open_field_pv_MY,electricity,0.0032017458698889558
ESP_9,open_field_pv_NL,electricity,1156.4184909639393
ESP_9,open_field_pv_PT,electricity,0.0010186432426121446
ESP_9,pumped_hydro_CN,electricity,0.012759764234058597
ESP_9,pumped_hydro_ESP,electricity,4.890177312777688e-05
ESP_9,roof_mounted_pv_CN,electricity,0.00043403919902839863
ESP_9,roof_mounted_pv_DE,electricity,0.00036764331201996256
ESP_9,roof_mounted_pv_ESP,electricity,7.841557355324559e-05
ESP_9,roof_mounted_pv_MY,electricity,0.00034673813630233376
ESP_9,roof_mounted_pv_NL,electricity,0.0003879155518131322
ESP_9,roof_mounted_pv_PT,electricity,0.00029259215513254314
ESP_9,wind_offshore_CN,electricity,0.0
ESP_9,wind_offshore_DE,electricity,0.0
ESP_9,wind_offshore_ESP,electricity,0.0
ESP_9,wind_offshore_FR,electricity,0.0
ESP_9,wind_offshore_IND,electricity,0.0
ESP_9,wind_offshore_NDL,electricity,0.0
ESP_9,wind_offshore_PT,electricity,0.0
ESP_9,wind_onshore_competing_CN,electricity,0.0003098046218953237
ESP_9,wind_onshore_competing_DE,electricity,0.0003537894714719126
ESP_9,wind_onshore_competing_ESP,electricity,1.3977104500192014e-06
ESP_9,wind_onshore_competing_FR,electricity,0.0003604221359311176
ESP_9,wind_onshore_competing_IND,electricity,0.00031737573889948994
ESP_9,wind_onshore_competing_NDL,electricity,0.00037094438314362263
ESP_9,wind_onshore_competing_PT,electricity,0.00036238400971983414
ESP_9,wind_onshore_monopoly_CN,electricity,0.00029863684366642493
ESP_9,wind_onshore_monopoly_DE,electricity,0.0003358571881461729
ESP_9,wind_onshore_monopoly_ESP,electricity,0.0003521886091417076
ESP_9,wind_onshore_monopoly_FR,electricity,0.0003423892683079223
ESP_9,wind_onshore_monopoly_IND,electricity,0.0002979613381951958
ESP_9,wind_onshore_monopoly_NDL,electricity,0.00020592758662625398
ESP_9,wind_onshore_monopoly_PT,electricity,0.0003438368815502861
FRA_1,ESP_4_FRA_1_ac_ohl_mountain_transmission,electricity,1000.0
FRA_1,ESP_4_FRA_1_dc_subsea_transmission,electricity,2000.0
FRA_1,ESP_4_FRA_1_dc_underground_transmission,electricity,3500.0
FRA_1,ESP_5_FRA_1_ac_ohl_transmission,electricity,100.0
FRA_1,el_import_FR,electricity,5.807746432081149e-05
FRA_2,ESP_6_FRA_2_ac_ohl_mountain_transmission,electricity,1000.0
FRA_2,ESP_6_FRA_2_dc_underground_transmission,electricity,800.0
FRA_2,el_import_FR,electricity,2.57102745492325e-05
FRA_3,ESP_6_FRA_3_dc_subsea_transmission,electricity,700.0
FRA_3,ESP_9_MA_dc_subsea_transmission,electricity,0.0
FRA_3,el_import_FR,electricity,0.0
MA,el_import_MA,electricity,0.0
PRT_1,ESP_1_PRT_1_ac_ohl_transmission,electricity,1200.0
PRT_1,ESP_2_PRT_1_ac_ohl_transmission,electricity,950.0
PRT_1,PRT_1_PRT_2_ac_ohl_transmission,electricity,0.006191044506585687
PRT_1,el_import_PT,electricity,0.010622193459451788
PRT_2,ESP_8_PRT_2_ac_ohl_transmission,electricity,900.0
PRT_2,ESP_9_PRT_2_ac_ohl_transmission,electricity,500.0
PRT_2,PRT_1_PRT_2_ac_ohl_transmission,electricity,0.006191044506585687
PRT_2,el_import_PT,electricity,0.010870914437644937
Trade_Markets,Trade_Markets_ESP_10_natural_gas_transmission,natural_gas,353.07692280382986
Trade_Markets,Trade_Markets_ESP_11_coal_transmission,coal,0.0
Trade_Markets,Trade_Markets_ESP_11_natural_gas_transmission,natural_gas,0.00019956122342276774
Trade_Markets,Trade_Markets_ESP_11_oil_fuel_transmission,oil,0.0003331782647089977
Trade_Markets,Trade_Markets_ESP_11_uranium_transmission,uranium,1063.939849206218
Trade_Markets,Trade_Markets_ESP_1_coal_transmission,coal,6.10848365753162e-05
Trade_Markets,Trade_Markets_ESP_1_natural_gas_transmission,natural_gas,715.300794836697
Trade_Markets,Trade_Markets_ESP_2_coal_transmission,coal,7.885671510086194e-05
Trade_Markets,Trade_Markets_ESP_2_natural_gas_transmission,natural_gas,3.436414338407368e-05
Trade_Markets,Trade_Markets_ESP_2_oil_fuel_transmission,oil,0.004282030775143882
Trade_Markets,Trade_Markets_ESP_2_uranium_transmission,uranium,455.2899592593536
Trade_Markets,Trade_Markets_ESP_3_natural_gas_transmission,natural_gas,223.02154652021235
Trade_Markets,Trade_Markets_ESP_4_natural_gas_transmission,natural_gas,519.150970384112
Trade_Markets,Trade_Markets_ESP_5_coal_transmission,coal,5.659627398301471e-05
Trade_Markets,Trade_Markets_ESP_5_natural_gas_transmission,natural_gas,244.97796499449373
Trade_Markets,Trade_Markets_ESP_6_natural_gas_transmission,natural_gas,542.6941964340888
Trade_Markets,Trade_Markets_ESP_6_oil_fuel_transmission,oil,0.0016565737621747874
Trade_Markets,Trade_Markets_ESP_6_uranium_transmission,uranium,3032.80994479366
Trade_Markets,Trade_Markets_ESP_7_coal_transmission,coal,0.0
Trade_Markets,Trade_Markets_ESP_7_natural_gas_transmission,natural_gas,9.365472492063587e-05
Trade_Markets,Trade_Markets_ESP_7_uranium_transmission,uranium,0.0
Trade_Markets,Trade_Markets_ESP_8_uranium_transmission,uranium,1.2400573483584517e-05
Trade_Markets,Trade_Markets_ESP_9_coal_transmission,coal,5.728333621978644e-05
Trade_Markets,Trade_Markets_ESP_9_natural_gas_transmission,natural_gas,781.2530246513132
Trade_Markets,coal_AUS,coal,4.403961983796064e-05
Trade_Markets,coal_COL,coal,5.2191694731046714e-05
Trade_Markets,coal_ITA,coal,5.1994516836177606e-05
Trade_Markets,coal_RUS,coal,5.191258943428132e-05
Trade_Markets,coal_USA,coal,3.918505700834585e-05
Trade_Markets,natural_gas_DEU,natural_gas,6.229636141966541e-07
Trade_Markets,natural_gas_DNK,natural_gas,5.077275352704185e-05
Trade_Markets,natural_gas_DZA,natural_gas,2901.3367135603335
Trade_Markets,natural_gas_NOR,natural_gas,0.01950132245455991
Trade_Markets,natural_gas_PT,natural_gas,4.708447877978297e-05
Trade_Markets,natural_gas_liquid_DZA,natural_gas,0.0009721639620629523
Trade_Markets,natural_gas_liquid_NGA,natural_gas,0.0002674685891811832
Trade_Markets,natural_gas_liquid_QAT,natural_gas,0.0
Trade_Markets,natural_gas_liquid_RUS,natural_gas,0.00010887638759671703
Trade_Markets,natural_gas_liquid_USA,natural_gas,5.1470881801157775e-05
Trade_Markets,oil_LBY,oil,0.0006958458973703136
Trade_Markets,oil_MEX,oil,0.0025869149693397053
Trade_Markets,oil_NGA,oil,0.0006156811659110741
Trade_Markets,oil_SA,oil,0.0007578007837586729
Trade_Markets,oil_USA,oil,0.0005262290827227353
Trade_Markets,uranium_UK,uranium,0.1861233077144488
Trade_Markets,uranium_USA,uranium,4551.891089257636
